# Blender 5.1.1
# www.blender.org
mtllib jaw_crusher.mtl
o 立方体.006
v -1.430131 2.770654 -1.308786
v 1.430131 2.770654 -1.308786
v -1.430131 2.770654 1.308786
v 1.430131 2.770654 1.308786
v 1.316662 2.770654 1.189114
v 1.316662 2.770654 -1.189114
v -1.316662 2.770654 -1.189114
v -1.316662 2.770654 1.189114
v -1.430131 0.250000 -1.308786
v 1.430131 0.250000 -1.308786
v 1.430131 0.250000 -1.252407
v 1.430131 0.250000 1.308786
v -1.430131 0.250000 1.308786
v -1.430131 0.250000 1.252407
v -1.316662 0.250000 -1.189114
v 1.316662 0.250000 -1.189114
v 1.316662 0.250000 1.189114
v -1.316662 0.250000 1.189114
v 0.562500 2.760241 -1.308786
v 0.563871 2.770654 -1.308786
v 0.562500 2.739758 -1.308786
v 0.588554 2.663006 -1.308786
v 0.578313 2.680744 -1.308786
v 0.570475 2.699667 -1.308786
v 0.565174 2.719451 -1.308786
v 0.601023 2.646756 -1.308786
v 0.631756 2.619804 -1.308786
v 0.615506 2.632273 -1.308786
v 0.688202 2.596423 -1.308786
v 0.668417 2.601725 -1.308786
v 0.649494 2.609563 -1.308786
v 0.708509 2.593750 -1.308786
v 0.728991 2.593750 -1.308786
v 0.769083 2.601725 -1.308786
v 0.749298 2.596423 -1.308786
v 0.821994 2.632273 -1.308786
v 0.805744 2.619804 -1.308786
v 0.788006 2.609563 -1.308786
v 0.875000 2.739758 -1.308786
v 0.875000 2.760241 -1.308786
v 0.872327 2.719451 -1.308786
v 0.873629 2.770654 -1.308786
v 0.848946 2.663006 -1.308786
v 0.859187 2.680744 -1.308786
v 0.867025 2.699667 -1.308786
v 0.836477 2.646756 -1.308786
v 0.562500 2.739759 1.308786
v 0.562500 2.760242 1.308786
v 0.563871 2.770654 1.308786
v 0.588554 2.663006 1.308786
v 0.578313 2.680744 1.308786
v 0.570475 2.699667 1.308786
v 0.565173 2.719452 1.308786
v 0.601023 2.646756 1.308786
v 0.631756 2.619804 1.308786
v 0.615506 2.632273 1.308786
v 0.688202 2.596424 1.308786
v 0.668417 2.601725 1.308786
v 0.649494 2.609563 1.308786
v 0.728991 2.593750 1.308786
v 0.769083 2.601725 1.308786
v 0.749298 2.596424 1.308786
v 0.821994 2.632273 1.308786
v 0.805744 2.619804 1.308786
v 0.788006 2.609563 1.308786
v 0.875000 2.760242 1.308786
v 0.872326 2.719452 1.308786
v 0.875000 2.739759 1.308786
v 0.873629 2.770654 1.308786
v 0.848946 2.663006 1.308786
v 0.859187 2.680744 1.308786
v 0.867025 2.699667 1.308786
v 0.836477 2.646756 1.308786
v 0.708509 2.593750 1.308786
v 0.563871 2.770654 1.189114
v 0.873629 2.770654 1.189114
v 0.563871 2.770654 -1.189114
v 0.873629 2.770654 -1.189114
v 0.562500 2.739758 -1.189114
v 0.565174 2.719451 -1.189114
v 0.562500 2.760241 -1.189114
v 0.588554 2.663006 -1.189114
v 0.578313 2.680744 -1.189114
v 0.570475 2.699667 -1.189114
v 0.631756 2.619804 -1.189114
v 0.615506 2.632273 -1.189114
v 0.668417 2.601725 -1.189114
v 0.708509 2.593750 -1.189114
v 0.688202 2.596423 -1.189114
v 0.649494 2.609563 -1.189114
v 0.601023 2.646756 -1.189114
v 0.769083 2.601725 -1.189114
v 0.749298 2.596423 -1.189114
v 0.805744 2.619804 -1.189114
v 0.836477 2.646756 -1.189114
v 0.821994 2.632273 -1.189114
v 0.788006 2.609563 -1.189114
v 0.875000 2.760241 -1.189114
v 0.875000 2.739758 -1.189114
v 0.848946 2.663006 -1.189114
v 0.859187 2.680744 -1.189114
v 0.867025 2.699667 -1.189114
v 0.872327 2.719451 -1.189114
v 0.728991 2.593750 -1.189114
v 0.562500 2.739759 1.189114
v 0.562500 2.760242 1.189114
v 0.588554 2.663006 1.189114
v 0.578313 2.680744 1.189114
v 0.570475 2.699667 1.189114
v 0.565173 2.719452 1.189114
v 0.601023 2.646756 1.189114
v 0.631756 2.619804 1.189114
v 0.615506 2.632273 1.189114
v 0.688202 2.596424 1.189114
v 0.668417 2.601725 1.189114
v 0.649494 2.609563 1.189114
v 0.728991 2.593750 1.189114
v 0.769083 2.601725 1.189114
v 0.749298 2.596424 1.189114
v 0.821994 2.632273 1.189114
v 0.805744 2.619804 1.189114
v 0.788006 2.609563 1.189114
v 0.875000 2.760242 1.189114
v 0.872326 2.719452 1.189114
v 0.875000 2.739759 1.189114
v 0.848946 2.663006 1.189114
v 0.859187 2.680744 1.189114
v 0.867025 2.699667 1.189114
v 0.836477 2.646756 1.189114
v 0.708509 2.593750 1.189114
vn -0.0000 -0.0000 -1.0000
vn 1.0000 -0.0000 -0.0000
vn -0.0000 -0.0000 1.0000
vn -1.0000 -0.0000 -0.0000
vn -0.0000 1.0000 -0.0000
vn -0.0000 -1.0000 -0.0000
vn 0.9914 -0.1305 -0.0000
vn 0.9914 0.1305 -0.0000
vn 0.9659 0.2588 -0.0000
vn 0.9239 0.3827 -0.0000
vn 0.8660 0.5000 -0.0000
vn 0.7934 0.6088 -0.0000
vn 0.7071 0.7071 -0.0000
vn 0.6088 0.7934 -0.0000
vn 0.5000 0.8660 -0.0000
vn 0.3827 0.9239 -0.0000
vn 0.2588 0.9659 -0.0000
vn 0.1305 0.9914 -0.0000
vn -0.1305 0.9914 -0.0000
vn -0.2588 0.9659 -0.0000
vn -0.3827 0.9239 -0.0000
vn -0.5000 0.8660 -0.0000
vn -0.6088 0.7934 -0.0000
vn -0.7071 0.7071 -0.0000
vn -0.7934 0.6088 -0.0000
vn -0.8660 0.5000 -0.0000
vn -0.9239 0.3827 -0.0000
vn -0.9659 0.2588 -0.0000
vn -0.9914 0.1305 -0.0000
vn -0.9914 -0.1305 -0.0000
vt 0.625000 0.201359
vt 0.625000 0.250000
vt 0.380385 0.250000
vt 0.380385 0.000000
vt 0.625000 0.000000
vt 0.625000 0.174285
vt 0.623989 0.174165
vt 0.622002 0.174165
vt 0.620031 0.174399
vt 0.618111 0.174862
vt 0.616275 0.175547
vt 0.614553 0.176442
vt 0.612976 0.177532
vt 0.611571 0.178798
vt 0.610361 0.180218
vt 0.609367 0.181769
vt 0.608606 0.183423
vt 0.608092 0.185152
vt 0.607832 0.186927
vt 0.607832 0.188717
vt 0.608092 0.190492
vt 0.608606 0.192221
vt 0.609367 0.193875
vt 0.610361 0.195426
vt 0.611571 0.196846
vt 0.612976 0.198112
vt 0.614553 0.199202
vt 0.616275 0.200097
vt 0.618111 0.200782
vt 0.620031 0.201245
vt 0.622002 0.201479
vt 0.623990 0.201479
vt 0.625000 0.500000
vt 0.380385 0.500000
vt 0.380385 0.255385
vt 0.625000 0.575715
vt 0.625000 0.750000
vt 0.380385 0.750000
vt 0.625000 0.548641
vt 0.623990 0.548521
vt 0.622002 0.548521
vt 0.620031 0.548755
vt 0.618111 0.549218
vt 0.616275 0.549903
vt 0.614553 0.550798
vt 0.612976 0.551888
vt 0.611571 0.553154
vt 0.610361 0.554574
vt 0.609367 0.556125
vt 0.608606 0.557779
vt 0.608092 0.559508
vt 0.607833 0.561283
vt 0.607832 0.563073
vt 0.608092 0.564848
vt 0.608606 0.566577
vt 0.609367 0.568231
vt 0.610361 0.569782
vt 0.611571 0.571202
vt 0.612976 0.572468
vt 0.614553 0.573558
vt 0.616275 0.574453
vt 0.618111 0.575138
vt 0.620031 0.575601
vt 0.622002 0.575835
vt 0.623990 0.575835
vt 0.380385 0.755385
vt 0.625000 1.000000
vt 0.380385 1.000000
vt 0.863570 0.740082
vt 0.875000 0.750000
vt 0.636430 0.740082
vt 0.636430 0.575715
vt 0.875000 0.575715
vt 0.863570 0.575715
vt 0.875000 0.500000
vt 0.875000 0.548641
vt 0.863570 0.548641
vt 0.863570 0.509918
vt 0.636430 0.509918
vt 0.636430 0.548641
vt 0.522034 0.178402
vt 0.522387 0.178532
vt 0.522387 0.000000
vt 0.436952 0.000000
vt 0.436952 0.250000
vt 0.522387 0.250000
vt 0.522387 0.207940
vt 0.522034 0.208070
vt 0.521340 0.208070
vt 0.520652 0.207816
vt 0.519981 0.207313
vt 0.519340 0.206569
vt 0.518738 0.205596
vt 0.518188 0.204413
vt 0.517697 0.203038
vt 0.517274 0.201495
vt 0.516927 0.199811
vt 0.516661 0.198014
vt 0.516482 0.196136
vt 0.516391 0.194208
vt 0.516391 0.192264
vt 0.516482 0.190336
vt 0.516662 0.188458
vt 0.516927 0.186661
vt 0.517274 0.184977
vt 0.517697 0.183434
vt 0.518188 0.182059
vt 0.518738 0.180876
vt 0.519340 0.179903
vt 0.519981 0.179159
vt 0.520652 0.178656
vt 0.521340 0.178402
vt 0.436952 0.500000
vt 0.522387 0.500000
vt 0.522034 0.541930
vt 0.522387 0.542060
vt 0.436952 0.750000
vt 0.522387 0.750000
vt 0.522387 0.571468
vt 0.522034 0.571598
vt 0.521340 0.571598
vt 0.520652 0.571344
vt 0.519981 0.570841
vt 0.519340 0.570097
vt 0.518739 0.569124
vt 0.518188 0.567941
vt 0.517697 0.566566
vt 0.517274 0.565023
vt 0.516927 0.563339
vt 0.516662 0.561543
vt 0.516482 0.559664
vt 0.516391 0.557736
vt 0.516391 0.555792
vt 0.516482 0.553864
vt 0.516661 0.551986
vt 0.516927 0.550189
vt 0.517274 0.548505
vt 0.517697 0.546962
vt 0.518188 0.545587
vt 0.518739 0.544403
vt 0.519340 0.543431
vt 0.519981 0.542687
vt 0.520652 0.542184
vt 0.521340 0.541930
vt 0.436952 1.000000
vt 0.522387 1.000000
vt 0.000000 0.000000
s 0
usemtl jaw_crusher_mat
f 42/1/1 2/2/1 10/3/1 9/4/1 1/5/1 20/6/1 19/7/1 21/8/1 25/9/1 24/10/1 23/11/1 22/12/1 26/13/1 28/14/1 27/15/1 31/16/1 30/17/1 29/18/1 32/19/1 33/20/1 35/21/1 34/22/1 38/23/1 37/24/1 36/25/1 46/26/1 43/27/1 44/28/1 45/29/1 41/30/1 39/31/1 40/32/1
f 10/3/2 2/2/2 4/33/2 12/34/2 11/35/2
f 49/36/3 3/37/3 13/38/3 12/34/3 4/33/3 69/39/3 66/40/3 68/41/3 67/42/3 72/43/3 71/44/3 70/45/3 73/46/3 63/47/3 64/48/3 65/49/3 61/50/3 62/51/3 60/52/3 74/53/3 57/54/3 58/55/3 59/56/3 55/57/3 56/58/3 54/59/3 50/60/3 51/61/3 52/62/3 53/63/3 47/64/3 48/65/3
f 14/66/4 13/38/4 3/37/4 1/67/4 9/68/4
f 7/69/5 1/70/5 3/37/5 8/71/5
f 75/72/5 8/71/5 3/37/5 49/36/5
f 20/73/5 1/70/5 7/69/5 77/74/5
f 69/39/5 4/33/5 2/75/5 42/76/5 78/77/5 6/78/5 5/79/5 76/80/5
f 81/81/3 77/82/3 7/83/3 15/84/3 16/85/3 6/86/3 78/87/3 98/88/3 99/89/3 103/90/3 102/91/3 101/92/3 100/93/3 95/94/3 96/95/3 94/96/3 97/97/3 92/98/3 93/99/3 104/100/3 88/101/3 89/102/3 87/103/3 90/104/3 85/105/3 86/106/3 91/107/3 82/108/3 83/109/3 84/110/3 80/111/3 79/112/3
f 17/113/4 5/114/4 6/86/4 16/85/4
f 123/115/1 76/116/1 5/114/1 17/113/1 18/117/1 8/118/1 75/119/1 106/120/1 105/121/1 110/122/1 109/123/1 108/124/1 107/125/1 111/126/1 113/127/1 112/128/1 116/129/1 115/130/1 114/131/1 130/132/1 117/133/1 119/134/1 118/135/1 122/136/1 121/137/1 120/138/1 129/139/1 126/140/1 127/141/1 128/142/1 124/143/1 125/144/1
f 15/145/2 7/146/2 8/118/2 18/117/2
s 1
f 17/147/6 16/147/6 11/147/6 12/147/6 13/147/6 14/147/6 18/147/6
f 15/147/6 18/147/6 14/147/6 9/147/6 10/147/6 11/147/6 16/147/6
usemtl jaw_crusher_mat
f 81/147/7 19/147/7 20/147/7 77/147/7
f 49/147/7 48/147/7 106/147/7 75/147/7
f 21/147/2 19/147/2 81/147/2 79/147/2
f 106/147/2 48/147/2 47/147/2 105/147/2
f 25/147/8 21/147/8 79/147/8 80/147/8
f 105/147/8 47/147/8 53/147/8 110/147/8
f 24/147/9 25/147/9 80/147/9 84/147/9
f 110/147/9 53/147/9 52/147/9 109/147/9
f 23/147/10 24/147/10 84/147/10 83/147/10
f 109/147/10 52/147/10 51/147/10 108/147/10
f 22/147/11 23/147/11 83/147/11 82/147/11
f 108/147/11 51/147/11 50/147/11 107/147/11
f 26/147/12 22/147/12 82/147/12 91/147/12
f 107/147/12 50/147/12 54/147/12 111/147/12
f 28/147/13 26/147/13 91/147/13 86/147/13
f 111/147/13 54/147/13 56/147/13 113/147/13
f 27/147/14 28/147/14 86/147/14 85/147/14
f 113/147/14 56/147/14 55/147/14 112/147/14
f 31/147/15 27/147/15 85/147/15 90/147/15
f 112/147/15 55/147/15 59/147/15 116/147/15
f 30/147/16 31/147/16 90/147/16 87/147/16
f 116/147/16 59/147/16 58/147/16 115/147/16
f 29/147/17 30/147/17 87/147/17 89/147/17
f 115/147/17 58/147/17 57/147/17 114/147/17
f 32/147/18 29/147/18 89/147/18 88/147/18
f 114/147/18 57/147/18 74/147/18 130/147/18
f 33/147/5 32/147/5 88/147/5 104/147/5
f 130/147/5 74/147/5 60/147/5 117/147/5
f 35/147/19 33/147/19 104/147/19 93/147/19
f 117/147/19 60/147/19 62/147/19 119/147/19
f 34/147/20 35/147/20 93/147/20 92/147/20
f 119/147/20 62/147/20 61/147/20 118/147/20
f 38/147/21 34/147/21 92/147/21 97/147/21
f 118/147/21 61/147/21 65/147/21 122/147/21
f 37/147/22 38/147/22 97/147/22 94/147/22
f 122/147/22 65/147/22 64/147/22 121/147/22
f 36/147/23 37/147/23 94/147/23 96/147/23
f 121/147/23 64/147/23 63/147/23 120/147/23
f 46/147/24 36/147/24 96/147/24 95/147/24
f 120/147/24 63/147/24 73/147/24 129/147/24
f 43/147/25 46/147/25 95/147/25 100/147/25
f 129/147/25 73/147/25 70/147/25 126/147/25
f 44/147/26 43/147/26 100/147/26 101/147/26
f 126/147/26 70/147/26 71/147/26 127/147/26
f 45/147/27 44/147/27 101/147/27 102/147/27
f 127/147/27 71/147/27 72/147/27 128/147/27
f 41/147/28 45/147/28 102/147/28 103/147/28
f 128/147/28 72/147/28 67/147/28 124/147/28
f 39/147/29 41/147/29 103/147/29 99/147/29
f 124/147/29 67/147/29 68/147/29 125/147/29
f 40/147/4 39/147/4 99/147/4 98/147/4
f 125/147/4 68/147/4 66/147/4 123/147/4
f 42/147/30 40/147/30 98/147/30 78/147/30
f 66/147/30 69/147/30 76/147/30 123/147/30
o tube
v 0.093959 2.791836 1.687500
v 0.093959 2.791835 1.312500
v 1.967561 2.666423 1.687500
v 1.967561 2.666423 1.312500
v 0.105113 2.874760 1.687500
v 0.105113 2.874759 1.312500
v 1.945280 2.500761 1.687500
v 1.945280 2.500760 1.312500
v 0.127220 2.955457 1.687500
v 0.127220 2.955457 1.312500
v 1.901115 2.339546 1.687500
v 1.901115 2.339545 1.312500
v 0.159887 3.032489 1.687500
v 0.159887 3.032489 1.312500
v 1.835854 2.185655 1.687500
v 1.835854 2.185655 1.312500
v 0.202530 3.104479 1.687500
v 0.202530 3.104479 1.312500
v 1.750662 2.041836 1.687500
v 1.750662 2.041836 1.312500
v 0.254389 3.170144 1.687500
v 0.254389 3.170144 1.312500
v 1.647060 1.910653 1.687500
v 1.647060 1.910653 1.312500
v 0.314539 3.228311 1.687500
v 0.314539 3.228311 1.312500
v 1.526896 1.794449 1.687500
v 1.526896 1.794449 1.312500
v 0.381905 3.277943 1.687500
v 0.381905 3.277943 1.312500
v 1.392314 1.695297 1.687500
v 1.392314 1.695297 1.312500
v 0.455287 3.318153 1.687500
v 0.455287 3.318153 1.312500
v 1.245716 1.614965 1.687500
v 1.245716 1.614965 1.312500
v 0.533373 3.348225 1.687500
v 0.533373 3.348225 1.312500
v 1.089718 1.554889 1.687500
v 1.089718 1.554889 1.312500
v 0.614771 3.367622 1.687500
v 0.614771 3.367622 1.312500
v 0.927103 1.516139 1.687500
v 0.927103 1.516139 1.312500
v 0.698029 3.375997 1.687500
v 0.698029 3.375997 1.312500
v 0.760775 1.499408 1.687500
v 0.760775 1.499408 1.312500
v 0.781659 3.373201 1.687500
v 0.781659 3.373201 1.312500
v 0.593700 1.504993 1.687500
v 0.593700 1.504993 1.312500
v 0.864172 3.359284 1.687500
v 0.864172 3.359284 1.312500
v 0.428861 1.532796 1.687500
v 0.428861 1.532796 1.312500
v 0.944092 3.334495 1.687500
v 0.944092 3.334494 1.312500
v 0.269198 1.582319 1.687500
v 0.269198 1.582319 1.312500
v 1.019995 3.299275 1.687500
v 1.019995 3.299274 1.312500
v 0.117562 1.652681 1.687500
v 0.117562 1.652681 1.312500
v 1.090527 3.254253 1.687500
v 1.090527 3.254253 1.312500
v -0.023343 1.742623 1.687500
v -0.023343 1.742623 1.312500
v 1.154427 3.200233 1.687500
v 1.154427 3.200233 1.312500
v -0.151001 1.850542 1.687500
v -0.151001 1.850542 1.312500
v 1.210557 3.138178 1.687500
v 1.210557 3.138178 1.312500
v -0.263135 1.974513 1.687500
v -0.263135 1.974513 1.312500
v 1.257914 3.069197 1.687500
v 1.257914 3.069197 1.312500
v -0.357743 2.112321 1.687500
v -0.357743 2.112321 1.312500
v 1.295654 2.994519 1.687500
v 1.295654 2.994519 1.312500
v -0.433138 2.261510 1.687500
v -0.433138 2.261509 1.312500
v 1.323102 2.915478 1.687500
v 1.323102 2.915478 1.312500
v -0.487973 2.419415 1.687500
v -0.487973 2.419415 1.312500
v 1.339769 2.833484 1.687500
v 1.339769 2.833484 1.312500
v -0.521271 2.583220 1.687500
v -0.521271 2.583219 1.312500
v 1.345358 2.750000 1.687500
v 1.345358 2.750000 1.312500
v -0.532436 2.750000 1.687500
v -0.532436 2.750000 1.312500
v 1.339769 2.666517 1.687500
v 1.339769 2.666516 1.312500
v -0.521271 2.916781 1.687500
v -0.521271 2.916781 1.312500
v 1.323102 2.584522 1.687500
v 1.323102 2.584522 1.312500
v -0.487973 3.080585 1.687500
v -0.487973 3.080585 1.312500
v 1.295654 2.505481 1.687500
v 1.295654 2.505481 1.312500
v -0.433138 3.238491 1.687500
v -0.433138 3.238491 1.312500
v 1.257914 2.430804 1.687500
v 1.257914 2.430803 1.312500
v -0.357743 3.387679 1.687500
v -0.357743 3.387679 1.312500
v 1.210557 2.361822 1.687500
v 1.210557 2.361822 1.312500
v -0.263135 3.525488 1.687500
v -0.263135 3.525487 1.312500
v 1.154427 2.299767 1.687500
v 1.154427 2.299767 1.312500
v -0.151001 3.649458 1.687500
v -0.151001 3.649458 1.312500
v 1.090527 2.245748 1.687500
v 1.090527 2.245747 1.312500
v -0.023343 3.757377 1.687500
v -0.023343 3.757377 1.312500
v 1.019995 2.200726 1.687500
v 1.019995 2.200726 1.312500
v 0.117562 3.847320 1.687500
v 0.117562 3.847320 1.312500
v 0.944092 2.165506 1.687500
v 0.944092 2.165506 1.312500
v 0.269198 3.917681 1.687500
v 0.269198 3.917681 1.312500
v 0.864172 2.140716 1.687500
v 0.864172 2.140716 1.312500
v 0.428861 3.967205 1.687500
v 0.428861 3.967204 1.312500
v 0.781659 2.126799 1.687500
v 0.781659 2.126799 1.312500
v 0.593700 3.995007 1.687500
v 0.593700 3.995007 1.312500
v 0.698029 2.124004 1.687500
v 0.698029 2.124003 1.312500
v 0.760775 4.000592 1.687500
v 0.760775 4.000592 1.312500
v 0.614771 2.132379 1.687500
v 0.614771 2.132378 1.312500
v 0.927103 3.983861 1.687500
v 0.927103 3.983861 1.312500
v 0.533373 2.151775 1.687500
v 0.533373 2.151775 1.312500
v 1.089718 3.945112 1.687500
v 1.089718 3.945111 1.312500
v 0.455287 2.181847 1.687500
v 0.455287 2.181847 1.312500
v 1.245716 3.885035 1.687500
v 1.245716 3.885035 1.312500
v 0.381905 2.222058 1.687500
v 0.381905 2.222057 1.312500
v 1.392314 3.804704 1.687500
v 1.392314 3.804704 1.312500
v 0.314539 2.271689 1.687500
v 0.314539 2.271689 1.312500
v 1.526896 3.705551 1.687500
v 1.526896 3.705551 1.312500
v 0.254389 2.329857 1.687500
v 0.254389 2.329856 1.312500
v 1.647060 3.589347 1.687500
v 1.647060 3.589347 1.312500
v 0.202530 2.395521 1.687500
v 0.202530 2.395521 1.312500
v 1.750662 3.458165 1.687500
v 1.750662 3.458164 1.312500
v 0.159887 2.467512 1.687500
v 0.159887 2.467511 1.312500
v 1.835854 3.314345 1.687500
v 1.835854 3.314345 1.312500
v 0.127220 2.544543 1.687500
v 0.127220 2.544543 1.312500
v 1.901115 3.160455 1.687500
v 1.901115 3.160455 1.312500
v 0.105113 2.625241 1.687500
v 0.105113 2.625241 1.312500
v 1.945280 2.999240 1.687500
v 1.945280 2.999240 1.312500
v 0.093959 2.708165 1.687500
v 0.093959 2.708165 1.312500
v 1.967561 2.833577 1.687500
v 1.967561 2.833577 1.312500
vn -0.9911 0.1333 -0.0000
vn -0.0000 -0.0000 -1.0000
vn -0.9645 0.2642 -0.0000
vn -0.9206 0.3904 -0.0000
vn -0.8604 0.5096 -0.0000
vn -0.7848 0.6198 -0.0000
vn -0.6952 0.7189 -0.0000
vn -0.5931 0.8051 -0.0000
vn -0.4805 0.8770 -0.0000
vn -0.4806 0.8770 -0.0000
vn -0.3594 0.9332 -0.0000
vn -0.2318 0.9728 -0.0000
vn -0.1001 0.9950 -0.0000
vn 0.0334 0.9994 -0.0000
vn 0.1663 0.9861 -0.0000
vn 0.2963 0.9551 -0.0000
vn 0.4209 0.9071 -0.0000
vn 0.5381 0.8429 -0.0000
vn 0.6456 0.7637 -0.0000
vn 0.7416 0.6708 -0.0000
vn 0.8244 0.5660 -0.0000
vn 0.8925 0.4510 -0.0000
vn 0.9447 0.3281 -0.0000
vn 0.9447 0.3280 -0.0000
vn 0.9800 0.1992 -0.0000
vn 0.9978 0.0668 -0.0000
vn 0.9978 -0.0668 -0.0000
vn 0.9800 -0.1992 -0.0000
vn 0.9447 -0.3281 -0.0000
vn 0.9447 -0.3280 -0.0000
vn 0.8925 -0.4510 -0.0000
vn 0.8244 -0.5660 -0.0000
vn 0.7416 -0.6708 -0.0000
vn 0.6456 -0.7637 -0.0000
vn 0.5381 -0.8429 -0.0000
vn 0.4209 -0.9071 -0.0000
vn 0.2963 -0.9551 -0.0000
vn 0.1663 -0.9861 -0.0000
vn 0.0334 -0.9994 -0.0000
vn -0.1001 -0.9950 -0.0000
vn -0.2318 -0.9728 -0.0000
vn -0.3594 -0.9332 -0.0000
vn -0.4805 -0.8770 -0.0000
vn -0.4806 -0.8770 -0.0000
vn -0.5931 -0.8051 -0.0000
vn -0.6952 -0.7189 -0.0000
vn -0.7848 -0.6198 -0.0000
vn -0.8604 -0.5096 -0.0000
vn -0.9206 -0.3904 -0.0000
vn -0.9645 -0.2642 -0.0000
vn -0.9911 -0.1333 -0.0000
vn -1.0000 -0.0000 -0.0000
vt 0.000000 0.750000
vt 0.035563 0.750000
vt 0.035563 1.000000
vt 0.000000 1.000000
vt 0.071044 1.000000
vt 0.071044 0.750000
vt 0.053313 0.203719
vt 0.071046 1.000000
vt 0.017749 0.203718
vt 0.000000 1.000000
vt 0.000000 0.203521
vt 0.035555 0.202729
vt 0.071029 0.998417
vt 0.053285 0.203717
vt 0.071047 1.000000
vt 0.017722 0.203720
vt 0.000000 1.000000
vt 0.000000 0.203523
vt 0.035554 0.202729
vt 0.071029 0.998419
vt 0.071029 0.203522
vt 0.071029 1.000000
vt 0.000000 0.998419
vt 0.035475 0.202729
vt 0.017717 0.203716
vt 0.053280 0.203716
vt 0.071046 0.999996
vt 0.071028 0.203523
vt 0.071028 1.000000
vt 0.000000 0.998417
vt 0.035475 0.202728
vt 0.017694 0.203717
vt 0.053256 0.203717
vt 0.071046 0.999996
vt 0.071031 0.203521
vt 0.071031 1.000000
vt 0.000000 0.998418
vt 0.035478 0.202730
vt 0.000000 0.999998
vt 0.017783 0.203718
vt 0.053344 0.203718
vt 0.071048 1.000000
vt 0.053289 0.203718
vt 0.071048 1.000000
vt 0.017723 0.203719
vt 0.000000 0.999999
vt 0.017738 0.203718
vt 0.053304 0.203718
vt 0.053313 0.203721
vt 0.017751 0.203719
vt 0.000000 0.203521
vt 0.035554 0.202730
vt 0.071029 0.998417
vt 0.053310 0.203719
vt 0.071046 1.000000
vt 0.017749 0.203719
vt 0.000000 1.000000
vt 0.000000 0.203522
vt 0.035552 0.202729
vt 0.071028 0.998417
vt 0.071029 0.203522
vt 0.071029 1.000000
vt 0.000000 0.998417
vt 0.035475 0.202729
vt 0.017726 0.203719
vt 0.053290 0.203719
vt 0.071047 0.999999
vt 0.071027 0.203519
vt 0.071027 1.000000
vt 0.000000 0.998417
vt 0.035472 0.202730
vt 0.000000 0.999994
vt 0.017800 0.203716
vt 0.053363 0.203716
vt 0.071045 1.000000
vt 0.053314 0.203718
vt 0.071048 1.000000
vt 0.017751 0.203718
vt 0.017733 0.203717
vt 0.053296 0.203717
vt 0.071048 0.999998
vt 0.796280 0.982246
vt 0.000000 0.928954
vt 0.796281 0.946683
vt 0.796282 0.946643
vt 0.796282 0.982207
vt 0.000004 1.000000
vt 0.796282 0.982273
vt 0.000000 0.928954
vt 0.796280 0.946710
vt 0.000000 0.928972
vt 0.796478 0.928972
vt 0.797273 0.964527
vt 0.001584 1.000000
vt 0.796282 0.982258
vt 0.000000 0.928951
vt 0.796283 0.946696
vt 0.000000 0.928968
vt 0.796481 0.928968
vt 0.797272 0.964522
vt 0.001583 1.000000
vt 0.796481 1.000000
vt 0.001584 0.928973
vt 0.797272 0.964446
vt 0.000003 0.928955
vt 0.796283 0.946720
vt 0.796283 0.982283
vt 0.796478 1.000000
vt 0.001582 0.928972
vt 0.797272 0.964446
vt 0.796283 0.946653
vt 0.796283 0.982217
vt 0.000004 1.000000
vt 0.796282 0.982249
vt 0.000000 0.928951
vt 0.796280 0.946685
vt 0.000005 0.928951
vt 0.796283 0.946736
vt 0.796283 0.982300
vt 0.796281 0.982262
vt 0.000000 1.000000
vt 0.000000 0.928955
vt 0.796282 0.946701
vt 0.796283 0.946670
vt 0.796283 0.982231
vt 0.000003 1.000000
vt 0.796281 0.982279
vt 0.000000 0.928955
vt 0.796282 0.946714
vt 0.000000 0.928972
vt 0.796480 0.928972
vt 0.797272 0.964529
vt 0.001584 1.000000
vt 0.796280 0.982227
vt 0.000000 0.928953
vt 0.796280 0.946664
vt 0.000000 0.928970
vt 0.796477 0.928970
vt 0.797268 0.964523
vt 0.001580 1.000000
vt 0.796476 1.000000
vt 0.001582 0.928971
vt 0.797268 0.964447
vt 0.000000 0.928953
vt 0.796279 0.946709
vt 0.796279 0.982271
vt 0.796478 1.000000
vt 0.001584 0.928972
vt 0.797270 0.964446
vt 0.000003 0.928955
vt 0.796281 0.946713
vt 0.796281 0.982276
vt 0.796279 0.982275
vt 0.000000 0.928954
vt 0.796280 0.946712
vt 0.796281 0.946686
vt 0.796281 0.982249
vt 0.000002 1.000000
vt 0.017758 1.000000
vt 0.000000 0.203720
vt 0.071046 0.203720
vt 0.053322 0.999999
vt 0.071046 0.203721
vt 0.053296 1.000000
vt 0.017732 1.000000
vt 0.000000 0.203719
vt 0.017727 0.999999
vt 0.000000 0.203720
vt 0.071045 0.203720
vt 0.053290 1.000000
vt 0.071028 0.202730
vt 0.071028 0.999209
vt 0.035474 1.000000
vt 0.000000 0.204314
vt 0.017756 1.000000
vt 0.000000 0.203721
vt 0.071047 0.203721
vt 0.053318 1.000000
vt 0.071029 0.202732
vt 0.071029 0.999208
vt 0.035477 1.000000
vt 0.000000 0.204314
vt 0.000000 0.999209
vt 0.000000 0.202732
vt 0.071030 0.204312
vt 0.035553 1.000000
vt 0.071047 0.203720
vt 0.053270 1.000000
vt 0.017708 1.000000
vt 0.000000 0.203720
vt 0.000000 0.999208
vt 0.000000 0.202728
vt 0.071028 0.204312
vt 0.035557 1.000000
vt 0.071045 0.203720
vt 0.053302 1.000000
vt 0.017736 1.000000
vt 0.000000 0.203718
vt 0.017746 1.000000
vt 0.000000 0.203718
vt 0.071045 0.203718
vt 0.053307 0.999999
vt 0.071045 0.203720
vt 0.053276 1.000000
vt 0.017715 1.000000
vt 0.000000 0.203717
vt 0.017734 0.999998
vt 0.000000 0.203718
vt 0.071049 0.203718
vt 0.053298 1.000000
vt 0.071049 0.203717
vt 0.053349 1.000000
vt 0.017785 1.000000
vt 0.000000 0.203721
vt 0.017746 1.000000
vt 0.000000 0.203718
vt 0.071046 0.203718
vt 0.053310 0.999998
vt 0.071028 0.202728
vt 0.071028 0.999206
vt 0.035474 1.000000
vt 0.000000 0.204310
vt 0.017729 0.999998
vt 0.000000 0.203717
vt 0.071045 0.203717
vt 0.053292 1.000000
vt 0.071027 0.202728
vt 0.071027 0.999209
vt 0.035473 1.000000
vt 0.000000 0.204312
vt 0.000000 0.999209
vt 0.000000 0.202728
vt 0.071032 0.204311
vt 0.035554 1.000000
vt 0.071049 0.203719
vt 0.053279 1.000000
vt 0.017716 1.000000
vt 0.000000 0.203716
vt 0.000000 0.999205
vt 0.000000 0.202727
vt 0.071028 0.204311
vt 0.035555 1.000000
vt 0.071046 0.203717
vt 0.053367 1.000000
vt 0.017803 1.000000
vt 0.000000 0.203721
vt 0.017728 1.000000
vt 0.000000 0.203719
vt 0.071046 0.203719
vt 0.053292 0.999998
vt 0.071046 0.203721
vt 0.053253 1.000000
vt 0.017689 1.000000
vt 0.000000 0.203718
vt 0.000000 0.946704
vt 0.796282 0.928952
vt 0.796282 1.000000
vt 0.000001 0.982267
vt 0.796281 1.000000
vt 0.000000 0.982249
vt 0.000000 0.946686
vt 0.796283 0.928952
vt 0.000003 0.946686
vt 0.796283 0.928955
vt 0.796283 1.000000
vt 0.000000 0.982249
vt 0.797270 1.000000
vt 0.000789 1.000000
vt 0.000000 0.964446
vt 0.795687 0.928973
vt 0.000000 0.946687
vt 0.796281 0.928953
vt 0.796281 1.000000
vt 0.000000 0.982251
vt 0.797271 1.000000
vt 0.000793 1.000000
vt 0.000000 0.964445
vt 0.795688 0.928971
vt 0.000793 0.928972
vt 0.797271 0.928972
vt 0.795688 1.000000
vt 0.000000 0.964524
vt 0.796282 1.000000
vt 0.000000 0.982279
vt 0.000000 0.946719
vt 0.796280 0.928954
vt 0.000791 0.928971
vt 0.797270 0.928971
vt 0.795686 1.000000
vt 0.000000 0.964525
vt 0.796278 1.000000
vt 0.000000 0.982226
vt 0.000000 0.946663
vt 0.796282 0.928954
vt 0.000001 0.946675
vt 0.796282 0.928952
vt 0.796282 1.000000
vt 0.000000 0.982241
vt 0.796282 1.000000
vt 0.000000 0.982257
vt 0.000000 0.946691
vt 0.796281 0.928952
vt 0.000001 0.946707
vt 0.796282 0.928952
vt 0.796282 1.000000
vt 0.000000 0.982268
vt 0.797270 1.000000
vt 0.000790 1.000000
vt 0.000000 0.964448
vt 0.795688 0.928969
vt 0.000000 0.946694
vt 0.796282 0.928954
vt 0.796282 1.000000
vt 0.000002 0.982257
vt 0.797272 1.000000
vt 0.000794 1.000000
vt 0.000000 0.964446
vt 0.795689 0.928972
vt 0.000000 0.946711
vt 0.796283 0.928954
vt 0.796283 1.000000
vt 0.000002 0.982274
vt 0.000793 1.000000
vt 0.000000 0.964446
vt 0.795690 0.928971
vt 0.000794 0.928971
vt 0.797271 0.928971
vt 0.795691 1.000000
vt 0.796284 1.000000
vt 0.000000 0.982301
vt 0.000000 0.946738
vt 0.796279 0.928953
vt 0.000792 0.928971
vt 0.797271 0.928971
vt 0.795688 1.000000
vt 0.000000 0.964527
vt 0.796280 1.000000
vt 0.000000 0.982249
vt 0.000000 0.946685
vt 0.796282 0.928954
vt 0.053303 0.203719
vt 0.017741 0.203719
s 1
usemtl jaw_crusher_mat
f 131/148/31 135/149/31 136/150/31 132/151/31
f 134/152/31 138/151/31 137/148/31 133/153/31
f 135/154/32 133/155/32 137/151/32 131/156/32
f 138/157/32 132/158/32 136/159/32 134/160/32
f 135/148/33 139/149/33 140/150/33 136/151/33
f 138/152/33 142/151/33 141/148/33 137/153/33
f 139/161/32 137/162/32 141/151/32 135/163/32
f 142/164/32 136/165/32 140/166/32 138/167/32
f 139/148/34 143/149/34 144/150/34 140/151/34
f 142/152/34 146/151/34 145/148/34 141/153/34
f 143/168/32 141/169/32 145/170/32 139/171/32
f 146/151/32 140/172/32 144/173/32 142/174/32
f 143/148/35 147/149/35 148/150/35 144/151/35
f 146/152/35 150/151/35 149/148/35 145/153/35
f 147/175/32 145/176/32 149/177/32 143/178/32
f 150/151/32 144/179/32 148/180/32 146/181/32
f 147/148/36 151/149/36 152/150/36 148/151/36
f 150/152/36 154/151/36 153/148/36 149/153/36
f 151/182/32 149/183/32 153/184/32 147/185/32
f 154/186/32 148/187/32 152/188/32 150/189/32
f 151/148/37 155/149/37 156/150/37 152/151/37
f 154/152/37 158/151/37 157/148/37 153/153/37
f 155/190/32 153/191/32 157/151/32 151/192/32
f 158/193/32 152/194/32 156/195/32 154/191/32
f 155/148/38 159/149/38 160/150/38 156/151/38
f 158/152/38 162/151/38 161/148/38 157/153/38
f 159/196/32 157/155/32 161/151/32 155/197/32
f 162/151/32 156/198/32 160/199/32 158/200/32
f 159/148/39 163/149/39 164/150/39 160/151/39
f 162/152/40 166/151/40 165/148/40 161/153/40
f 163/201/32 161/202/32 165/151/32 159/203/32
f 166/204/32 160/205/32 164/206/32 162/207/32
f 163/148/41 167/149/41 168/150/41 164/151/41
f 166/152/41 170/151/41 169/148/41 165/153/41
f 167/208/32 165/209/32 169/210/32 163/211/32
f 170/151/32 164/212/32 168/213/32 166/214/32
f 167/148/42 171/149/42 172/150/42 168/151/42
f 170/152/42 174/151/42 173/148/42 169/153/42
f 171/215/32 169/216/32 173/217/32 167/218/32
f 174/219/32 168/220/32 172/221/32 170/222/32
f 171/148/43 175/149/43 176/150/43 172/151/43
f 174/152/43 178/151/43 177/148/43 173/153/43
f 175/223/32 173/224/32 177/151/32 171/225/32
f 178/151/32 172/226/32 176/227/32 174/228/32
f 175/148/44 179/149/44 180/150/44 176/151/44
f 178/152/44 182/151/44 181/148/44 177/153/44
f 179/229/32 177/151/32 181/230/32 175/231/32
f 182/230/32 176/232/32 180/233/32 178/234/32
f 179/148/45 183/149/45 184/150/45 180/151/45
f 182/152/45 186/151/45 185/148/45 181/153/45
f 183/235/32 181/151/32 185/236/32 179/237/32
f 186/238/32 180/239/32 184/240/32 182/241/32
f 183/148/46 187/149/46 188/150/46 184/151/46
f 186/152/46 190/151/46 189/148/46 185/153/46
f 187/242/32 185/151/32 189/243/32 183/244/32
f 190/245/32 184/246/32 188/247/32 186/248/32
f 187/148/47 191/149/47 192/150/47 188/151/47
f 190/152/47 194/151/47 193/148/47 189/153/47
f 191/249/32 189/151/32 193/250/32 187/251/32
f 194/252/32 188/253/32 192/254/32 190/151/32
f 191/148/48 195/149/48 196/150/48 192/151/48
f 194/152/48 198/151/48 197/148/48 193/153/48
f 195/255/32 193/151/32 197/256/32 191/257/32
f 198/230/32 192/258/32 196/259/32 194/260/32
f 195/148/49 199/149/49 200/150/49 196/151/49
f 198/152/49 202/151/49 201/148/49 197/153/49
f 199/261/32 197/151/32 201/262/32 195/263/32
f 202/264/32 196/265/32 200/266/32 198/151/32
f 199/148/50 203/149/50 204/150/50 200/151/50
f 202/152/50 206/151/50 205/148/50 201/153/50
f 203/267/32 201/268/32 205/269/32 199/270/32
f 206/269/32 200/271/32 204/272/32 202/273/32
f 203/148/51 207/149/51 208/150/51 204/151/51
f 206/152/51 210/151/51 209/148/51 205/153/51
f 207/274/32 205/268/32 209/275/32 203/276/32
f 210/277/32 204/278/32 208/279/32 206/280/32
f 207/148/52 211/149/52 212/150/52 208/151/52
f 210/152/52 214/151/52 213/148/52 209/153/52
f 211/281/32 209/151/32 213/282/32 207/283/32
f 214/284/32 208/285/32 212/286/32 210/287/32
f 211/148/53 215/149/53 216/150/53 212/151/53
f 214/152/54 218/151/54 217/148/54 213/153/54
f 215/288/32 213/151/32 217/289/32 211/290/32
f 218/291/32 212/292/32 216/293/32 214/151/32
f 215/148/55 219/149/55 220/150/55 216/151/55
f 218/152/55 222/151/55 221/148/55 217/153/55
f 219/294/32 217/151/32 221/295/32 215/296/32
f 222/297/32 216/298/32 220/299/32 218/151/32
f 219/148/56 223/149/56 224/150/56 220/151/56
f 222/152/56 226/151/56 225/148/56 221/153/56
f 223/300/32 221/151/32 225/301/32 219/302/32
f 226/301/32 220/303/32 224/304/32 222/305/32
f 223/148/57 227/149/57 228/150/57 224/151/57
f 226/152/57 230/151/57 229/148/57 225/153/57
f 227/306/32 225/307/32 229/308/32 223/309/32
f 230/310/32 224/311/32 228/312/32 226/313/32
f 227/148/58 231/149/58 232/150/58 228/151/58
f 230/152/58 234/151/58 233/148/58 229/153/58
f 231/314/32 229/315/32 233/316/32 227/317/32
f 234/318/32 228/319/32 232/320/32 230/321/32
f 231/148/59 235/149/59 236/150/59 232/151/59
f 234/152/60 238/151/60 237/148/60 233/153/60
f 235/322/32 233/323/32 237/324/32 231/325/32
f 238/326/32 232/327/32 236/328/32 234/329/32
f 235/148/61 239/149/61 240/150/61 236/151/61
f 238/152/61 242/151/61 241/148/61 237/153/61
f 239/330/32 237/331/32 241/332/32 235/333/32
f 242/334/32 236/335/32 240/336/32 238/337/32
f 239/148/62 243/149/62 244/150/62 240/151/62
f 242/152/62 246/151/62 245/148/62 241/153/62
f 243/338/32 241/339/32 245/340/32 239/341/32
f 246/342/32 240/343/32 244/344/32 242/345/32
f 243/148/63 247/149/63 248/150/63 244/151/63
f 246/152/63 250/151/63 249/148/63 245/153/63
f 247/346/32 245/347/32 249/348/32 243/349/32
f 250/350/32 244/351/32 248/352/32 246/353/32
f 247/148/64 251/149/64 252/150/64 248/151/64
f 250/152/64 254/151/64 253/148/64 249/153/64
f 251/354/32 249/355/32 253/356/32 247/357/32
f 254/358/32 248/359/32 252/360/32 250/361/32
f 251/148/65 255/149/65 256/150/65 252/151/65
f 254/152/65 258/151/65 257/148/65 253/153/65
f 255/362/32 253/363/32 257/364/32 251/365/32
f 258/366/32 252/367/32 256/368/32 254/369/32
f 255/148/66 259/149/66 260/150/66 256/151/66
f 258/152/66 262/151/66 261/148/66 257/153/66
f 259/370/32 257/371/32 261/372/32 255/373/32
f 262/374/32 256/375/32 260/376/32 258/377/32
f 259/148/67 263/149/67 264/150/67 260/151/67
f 262/152/67 266/151/67 265/148/67 261/153/67
f 263/378/32 261/379/32 265/380/32 259/381/32
f 266/382/32 260/383/32 264/384/32 262/385/32
f 263/148/68 267/149/68 268/150/68 264/151/68
f 266/152/68 270/151/68 269/148/68 265/153/68
f 267/386/32 265/387/32 269/388/32 263/389/32
f 270/390/32 264/391/32 268/392/32 266/393/32
f 267/148/69 271/149/69 272/150/69 268/151/69
f 270/152/69 274/151/69 273/148/69 269/153/69
f 271/394/32 269/395/32 273/396/32 267/397/32
f 274/398/32 268/399/32 272/400/32 270/401/32
f 271/148/70 275/149/70 276/150/70 272/151/70
f 274/152/70 278/151/70 277/148/70 273/153/70
f 275/402/32 273/403/32 277/404/32 271/405/32
f 278/406/32 272/407/32 276/408/32 274/409/32
f 275/148/71 279/149/71 280/150/71 276/151/71
f 278/152/71 282/151/71 281/148/71 277/153/71
f 279/410/32 277/411/32 281/412/32 275/413/32
f 282/414/32 276/415/32 280/416/32 278/417/32
f 279/148/72 283/149/72 284/150/72 280/151/72
f 282/152/72 286/151/72 285/148/72 281/153/72
f 283/418/32 281/419/32 285/420/32 279/421/32
f 286/422/32 280/423/32 284/424/32 282/425/32
f 283/148/73 287/149/73 288/150/73 284/151/73
f 286/152/74 290/151/74 289/148/74 285/153/74
f 287/426/32 285/427/32 289/428/32 283/429/32
f 290/430/32 284/431/32 288/432/32 286/433/32
f 287/148/75 291/149/75 292/150/75 288/151/75
f 290/152/75 294/151/75 293/148/75 289/153/75
f 291/434/32 289/435/32 293/436/32 287/437/32
f 294/438/32 288/439/32 292/440/32 290/441/32
f 291/148/76 295/149/76 296/150/76 292/151/76
f 294/152/76 298/151/76 297/148/76 293/153/76
f 295/442/32 293/443/32 297/444/32 291/445/32
f 298/446/32 292/447/32 296/448/32 294/449/32
f 295/148/77 299/149/77 300/150/77 296/151/77
f 298/152/77 302/151/77 301/148/77 297/153/77
f 299/450/32 297/451/32 301/452/32 295/453/32
f 302/454/32 296/455/32 300/456/32 298/457/32
f 299/148/78 303/149/78 304/150/78 300/151/78
f 302/152/78 306/151/78 305/148/78 301/153/78
f 303/458/32 301/459/32 305/460/32 299/461/32
f 306/462/32 300/463/32 304/464/32 302/465/32
f 303/148/79 307/149/79 308/150/79 304/151/79
f 306/152/79 310/151/79 309/148/79 305/153/79
f 307/466/32 305/467/32 309/468/32 303/469/32
f 310/422/32 304/470/32 308/471/32 306/472/32
f 307/148/80 311/149/80 312/150/80 308/151/80
f 310/152/80 314/151/80 313/148/80 309/153/80
f 311/473/32 309/474/32 313/475/32 307/437/32
f 314/476/32 308/477/32 312/478/32 310/479/32
f 311/148/81 315/149/81 316/150/81 312/151/81
f 314/152/81 318/151/81 317/148/81 313/153/81
f 315/480/32 313/481/32 317/482/32 311/483/32
f 318/484/32 312/485/32 316/486/32 314/487/32
f 315/148/82 131/149/82 132/150/82 316/151/82
f 318/152/82 134/151/82 133/148/82 317/153/82
f 131/488/32 317/152/32 133/151/32 315/489/32
f 134/151/32 316/489/32 132/488/32 318/152/32
o tube.001
v 0.093959 2.791835 -1.312500
v 0.093959 2.791835 -1.687500
v 1.967561 2.666423 -1.312500
v 1.967561 2.666423 -1.687500
v 0.105113 2.874759 -1.312500
v 0.105113 2.874759 -1.687500
v 1.945280 2.500760 -1.312500
v 1.945280 2.500760 -1.687500
v 0.127220 2.955457 -1.312500
v 0.127220 2.955457 -1.687500
v 1.901115 2.339545 -1.312500
v 1.901115 2.339545 -1.687500
v 0.159887 3.032489 -1.312500
v 0.159887 3.032488 -1.687500
v 1.835854 2.185655 -1.312500
v 1.835854 2.185655 -1.687500
v 0.202530 3.104479 -1.312500
v 0.202530 3.104479 -1.687500
v 1.750662 2.041836 -1.312500
v 1.750662 2.041835 -1.687500
v 0.254389 3.170144 -1.312500
v 0.254389 3.170143 -1.687500
v 1.647060 1.910653 -1.312500
v 1.647060 1.910653 -1.687500
v 0.314539 3.228311 -1.312500
v 0.314539 3.228311 -1.687500
v 1.526896 1.794449 -1.312500
v 1.526896 1.794449 -1.687500
v 0.381905 3.277943 -1.312500
v 0.381905 3.277942 -1.687500
v 1.392314 1.695296 -1.312500
v 1.392314 1.695296 -1.687500
v 0.455287 3.318153 -1.312500
v 0.455287 3.318153 -1.687500
v 1.245716 1.614965 -1.312500
v 1.245716 1.614965 -1.687500
v 0.533373 3.348225 -1.312500
v 0.533373 3.348225 -1.687500
v 1.089718 1.554889 -1.312500
v 1.089718 1.554889 -1.687500
v 0.614771 3.367622 -1.312500
v 0.614771 3.367621 -1.687500
v 0.927103 1.516139 -1.312500
v 0.927103 1.516139 -1.687500
v 0.698029 3.375997 -1.312500
v 0.698029 3.375996 -1.687500
v 0.760775 1.499408 -1.312500
v 0.760775 1.499408 -1.687500
v 0.781659 3.373201 -1.312500
v 0.781659 3.373201 -1.687500
v 0.593700 1.504993 -1.312500
v 0.593700 1.504993 -1.687500
v 0.864172 3.359284 -1.312500
v 0.864172 3.359284 -1.687500
v 0.428861 1.532796 -1.312500
v 0.428861 1.532796 -1.687500
v 0.944092 3.334494 -1.312500
v 0.944092 3.334494 -1.687500
v 0.269198 1.582319 -1.312500
v 0.269198 1.582319 -1.687500
v 1.019995 3.299274 -1.312500
v 1.019995 3.299274 -1.687500
v 0.117562 1.652680 -1.312500
v 0.117562 1.652680 -1.687500
v 1.090527 3.254253 -1.312500
v 1.090527 3.254252 -1.687500
v -0.023343 1.742623 -1.312500
v -0.023343 1.742623 -1.687500
v 1.154427 3.200233 -1.312500
v 1.154427 3.200233 -1.687500
v -0.151001 1.850542 -1.312500
v -0.151001 1.850542 -1.687500
v 1.210557 3.138178 -1.312500
v 1.210557 3.138178 -1.687500
v -0.263135 1.974512 -1.312500
v -0.263135 1.974512 -1.687500
v 1.257914 3.069197 -1.312500
v 1.257914 3.069196 -1.687500
v -0.357743 2.112321 -1.312500
v -0.357743 2.112321 -1.687500
v 1.295654 2.994519 -1.312500
v 1.295654 2.994519 -1.687500
v -0.433138 2.261509 -1.312500
v -0.433138 2.261509 -1.687500
v 1.323102 2.915478 -1.312500
v 1.323102 2.915478 -1.687500
v -0.487973 2.419415 -1.312500
v -0.487973 2.419415 -1.687500
v 1.339769 2.833484 -1.312500
v 1.339769 2.833483 -1.687500
v -0.521271 2.583219 -1.312500
v -0.521271 2.583219 -1.687500
v 1.345358 2.750000 -1.312500
v 1.345358 2.750000 -1.687500
v -0.532436 2.750000 -1.312500
v -0.532436 2.750000 -1.687500
v 1.339769 2.666516 -1.312500
v 1.339769 2.666516 -1.687500
v -0.521271 2.916781 -1.312500
v -0.521271 2.916780 -1.687500
v 1.323102 2.584522 -1.312500
v 1.323102 2.584522 -1.687500
v -0.487973 3.080585 -1.312500
v -0.487973 3.080585 -1.687500
v 1.295654 2.505481 -1.312500
v 1.295654 2.505481 -1.687500
v -0.433138 3.238491 -1.312500
v -0.433138 3.238490 -1.687500
v 1.257914 2.430803 -1.312500
v 1.257914 2.430803 -1.687500
v -0.357743 3.387679 -1.312500
v -0.357743 3.387679 -1.687500
v 1.210557 2.361822 -1.312500
v 1.210557 2.361822 -1.687500
v -0.263135 3.525487 -1.312500
v -0.263135 3.525487 -1.687500
v 1.154427 2.299767 -1.312500
v 1.154427 2.299767 -1.687500
v -0.151001 3.649458 -1.312500
v -0.151001 3.649457 -1.687500
v 1.090527 2.245747 -1.312500
v 1.090527 2.245747 -1.687500
v -0.023343 3.757377 -1.312500
v -0.023343 3.757377 -1.687500
v 1.019995 2.200726 -1.312500
v 1.019995 2.200725 -1.687500
v 0.117562 3.847320 -1.312500
v 0.117562 3.847319 -1.687500
v 0.944092 2.165506 -1.312500
v 0.944092 2.165505 -1.687500
v 0.269198 3.917681 -1.312500
v 0.269198 3.917680 -1.687500
v 0.864172 2.140716 -1.312500
v 0.864172 2.140716 -1.687500
v 0.428861 3.967204 -1.312500
v 0.428861 3.967204 -1.687500
v 0.781659 2.126799 -1.312500
v 0.781659 2.126799 -1.687500
v 0.593700 3.995007 -1.312500
v 0.593700 3.995007 -1.687500
v 0.698029 2.124003 -1.312500
v 0.698029 2.124003 -1.687500
v 0.760775 4.000592 -1.312500
v 0.760775 4.000592 -1.687500
v 0.614771 2.132378 -1.312500
v 0.614771 2.132378 -1.687500
v 0.927103 3.983861 -1.312500
v 0.927103 3.983861 -1.687500
v 0.533373 2.151775 -1.312500
v 0.533373 2.151775 -1.687500
v 1.089718 3.945111 -1.312500
v 1.089718 3.945111 -1.687500
v 0.455287 2.181847 -1.312500
v 0.455287 2.181847 -1.687500
v 1.245716 3.885035 -1.312500
v 1.245716 3.885035 -1.687500
v 0.381905 2.222057 -1.312500
v 0.381905 2.222057 -1.687500
v 1.392314 3.804704 -1.312500
v 1.392314 3.804703 -1.687500
v 0.314539 2.271689 -1.312500
v 0.314539 2.271689 -1.687500
v 1.526896 3.705551 -1.312500
v 1.526896 3.705551 -1.687500
v 0.254389 2.329856 -1.312500
v 0.254389 2.329856 -1.687500
v 1.647060 3.589347 -1.312500
v 1.647060 3.589347 -1.687500
v 0.202530 2.395521 -1.312500
v 0.202530 2.395521 -1.687500
v 1.750662 3.458164 -1.312500
v 1.750662 3.458164 -1.687500
v 0.159887 2.467511 -1.312500
v 0.159887 2.467511 -1.687500
v 1.835854 3.314345 -1.312500
v 1.835854 3.314345 -1.687500
v 0.127220 2.544543 -1.312500
v 0.127220 2.544543 -1.687500
v 1.901115 3.160455 -1.312500
v 1.901115 3.160454 -1.687500
v 0.105113 2.625241 -1.312500
v 0.105113 2.625240 -1.687500
v 1.945280 2.999240 -1.312500
v 1.945280 2.999239 -1.687500
v 0.093959 2.708165 -1.312500
v 0.093959 2.708164 -1.687500
v 1.967561 2.833577 -1.312500
v 1.967561 2.833577 -1.687500
vn -0.9911 0.1333 -0.0000
vn -0.0000 -0.0000 -1.0000
vn -0.9645 0.2642 -0.0000
vn -0.9206 0.3904 -0.0000
vn -0.8604 0.5096 -0.0000
vn -0.7848 0.6198 -0.0000
vn -0.6952 0.7189 -0.0000
vn -0.5931 0.8051 -0.0000
vn -0.4805 0.8770 -0.0000
vn -0.4806 0.8770 -0.0000
vn -0.3594 0.9332 -0.0000
vn -0.2318 0.9728 -0.0000
vn -0.1001 0.9950 -0.0000
vn 0.0334 0.9994 -0.0000
vn 0.1663 0.9861 -0.0000
vn 0.2963 0.9551 -0.0000
vn 0.4209 0.9071 -0.0000
vn 0.5381 0.8429 -0.0000
vn 0.6456 0.7637 -0.0000
vn 0.7416 0.6708 -0.0000
vn 0.8244 0.5660 -0.0000
vn 0.8925 0.4510 -0.0000
vn 0.9447 0.3281 -0.0000
vn 0.9447 0.3280 -0.0000
vn 0.9800 0.1992 -0.0000
vn 0.9978 0.0668 -0.0000
vn 0.9978 -0.0668 -0.0000
vn 0.9800 -0.1992 -0.0000
vn 0.9447 -0.3281 -0.0000
vn 0.9447 -0.3280 -0.0000
vn 0.8925 -0.4510 -0.0000
vn 0.8244 -0.5660 -0.0000
vn 0.7416 -0.6708 -0.0000
vn 0.6456 -0.7637 -0.0000
vn 0.5381 -0.8429 -0.0000
vn 0.4209 -0.9071 -0.0000
vn 0.2963 -0.9551 -0.0000
vn 0.1663 -0.9861 -0.0000
vn 0.0334 -0.9994 -0.0000
vn -0.1001 -0.9950 -0.0000
vn -0.2318 -0.9728 -0.0000
vn -0.3594 -0.9332 -0.0000
vn -0.4805 -0.8770 -0.0000
vn -0.4806 -0.8770 -0.0000
vn -0.5931 -0.8051 -0.0000
vn -0.6952 -0.7189 -0.0000
vn -0.7848 -0.6198 -0.0000
vn -0.8604 -0.5096 -0.0000
vn -0.9206 -0.3904 -0.0000
vn -0.9645 -0.2642 -0.0000
vn -0.9911 -0.1333 -0.0000
vn -1.0000 -0.0000 -0.0000
vt 0.000000 0.750000
vt 0.035563 0.750000
vt 0.035563 1.000000
vt 0.000000 1.000000
vt 0.071044 1.000000
vt 0.071044 0.750000
vt 0.053313 0.203719
vt 0.071046 1.000000
vt 0.017749 0.203718
vt 0.000000 1.000000
vt 0.000000 0.203521
vt 0.035555 0.202729
vt 0.071029 0.998417
vt 0.053285 0.203717
vt 0.071047 1.000000
vt 0.017722 0.203720
vt 0.000000 1.000000
vt 0.000000 0.203523
vt 0.035554 0.202729
vt 0.071029 0.998419
vt 0.071029 0.203522
vt 0.071029 1.000000
vt 0.000000 0.998419
vt 0.035475 0.202729
vt 0.017717 0.203716
vt 0.053280 0.203716
vt 0.071046 0.999996
vt 0.071028 0.203523
vt 0.071028 1.000000
vt 0.000000 0.998417
vt 0.035475 0.202728
vt 0.017694 0.203717
vt 0.053256 0.203717
vt 0.071046 0.999996
vt 0.071031 0.203521
vt 0.071031 1.000000
vt 0.000000 0.998418
vt 0.035478 0.202730
vt 0.000000 0.999998
vt 0.017783 0.203718
vt 0.053344 0.203718
vt 0.071048 1.000000
vt 0.053289 0.203718
vt 0.071048 1.000000
vt 0.017723 0.203719
vt 0.000000 0.999999
vt 0.017738 0.203718
vt 0.053304 0.203718
vt 0.053313 0.203721
vt 0.017751 0.203719
vt 0.000000 0.203521
vt 0.035554 0.202730
vt 0.071029 0.998417
vt 0.053310 0.203719
vt 0.071046 1.000000
vt 0.017749 0.203719
vt 0.000000 1.000000
vt 0.000000 0.203522
vt 0.035552 0.202729
vt 0.071028 0.998417
vt 0.071029 0.203522
vt 0.071029 1.000000
vt 0.000000 0.998417
vt 0.035475 0.202729
vt 0.017726 0.203719
vt 0.053290 0.203719
vt 0.071047 0.999999
vt 0.071027 0.203519
vt 0.071027 1.000000
vt 0.000000 0.998417
vt 0.035472 0.202730
vt 0.000000 0.999994
vt 0.017800 0.203716
vt 0.053363 0.203716
vt 0.071045 1.000000
vt 0.053314 0.203718
vt 0.071048 1.000000
vt 0.017751 0.203718
vt 0.017733 0.203717
vt 0.053296 0.203717
vt 0.071048 0.999998
vt 0.796280 0.982246
vt 0.000000 0.928954
vt 0.796281 0.946683
vt 0.796282 0.946643
vt 0.796282 0.982207
vt 0.000004 1.000000
vt 0.796282 0.982273
vt 0.000000 0.928954
vt 0.796280 0.946710
vt 0.000000 0.928972
vt 0.796478 0.928972
vt 0.797273 0.964527
vt 0.001584 1.000000
vt 0.796282 0.982258
vt 0.000000 0.928951
vt 0.796283 0.946696
vt 0.000000 0.928968
vt 0.796481 0.928968
vt 0.797272 0.964522
vt 0.001583 1.000000
vt 0.796481 1.000000
vt 0.001584 0.928973
vt 0.797272 0.964446
vt 0.000003 0.928955
vt 0.796283 0.946720
vt 0.796283 0.982283
vt 0.796478 1.000000
vt 0.001582 0.928972
vt 0.797272 0.964446
vt 0.796283 0.946653
vt 0.796283 0.982217
vt 0.000004 1.000000
vt 0.796282 0.982249
vt 0.000000 0.928951
vt 0.796280 0.946685
vt 0.000005 0.928951
vt 0.796283 0.946736
vt 0.796283 0.982300
vt 0.796281 0.982262
vt 0.000000 1.000000
vt 0.000000 0.928955
vt 0.796282 0.946701
vt 0.796283 0.946670
vt 0.796283 0.982231
vt 0.000003 1.000000
vt 0.796281 0.982279
vt 0.000000 0.928955
vt 0.796282 0.946714
vt 0.000000 0.928972
vt 0.796480 0.928972
vt 0.797272 0.964529
vt 0.001584 1.000000
vt 0.796280 0.982227
vt 0.000000 0.928953
vt 0.796280 0.946664
vt 0.000000 0.928970
vt 0.796477 0.928970
vt 0.797268 0.964523
vt 0.001580 1.000000
vt 0.796476 1.000000
vt 0.001582 0.928971
vt 0.797268 0.964447
vt 0.000000 0.928953
vt 0.796279 0.946709
vt 0.796279 0.982271
vt 0.796478 1.000000
vt 0.001584 0.928972
vt 0.797270 0.964446
vt 0.000003 0.928955
vt 0.796281 0.946713
vt 0.796281 0.982276
vt 0.796279 0.982275
vt 0.000000 0.928954
vt 0.796280 0.946712
vt 0.796281 0.946686
vt 0.796281 0.982249
vt 0.000002 1.000000
vt 0.017758 1.000000
vt 0.000000 0.203720
vt 0.071046 0.203720
vt 0.053322 0.999999
vt 0.071046 0.203721
vt 0.053296 1.000000
vt 0.017732 1.000000
vt 0.000000 0.203719
vt 0.017727 0.999999
vt 0.000000 0.203720
vt 0.071045 0.203720
vt 0.053290 1.000000
vt 0.071028 0.202730
vt 0.071028 0.999209
vt 0.035474 1.000000
vt 0.000000 0.204314
vt 0.017756 1.000000
vt 0.000000 0.203721
vt 0.071047 0.203721
vt 0.053318 1.000000
vt 0.071029 0.202732
vt 0.071029 0.999208
vt 0.035477 1.000000
vt 0.000000 0.204314
vt 0.000000 0.999209
vt 0.000000 0.202732
vt 0.071030 0.204312
vt 0.035553 1.000000
vt 0.071047 0.203720
vt 0.053270 1.000000
vt 0.017708 1.000000
vt 0.000000 0.203720
vt 0.000000 0.999208
vt 0.000000 0.202728
vt 0.071028 0.204312
vt 0.035557 1.000000
vt 0.071045 0.203720
vt 0.053302 1.000000
vt 0.017736 1.000000
vt 0.000000 0.203718
vt 0.017746 1.000000
vt 0.000000 0.203718
vt 0.071045 0.203718
vt 0.053307 0.999999
vt 0.071045 0.203720
vt 0.053276 1.000000
vt 0.017715 1.000000
vt 0.000000 0.203717
vt 0.017734 0.999998
vt 0.000000 0.203718
vt 0.071049 0.203718
vt 0.053298 1.000000
vt 0.071049 0.203717
vt 0.053349 1.000000
vt 0.017785 1.000000
vt 0.000000 0.203721
vt 0.017746 1.000000
vt 0.000000 0.203718
vt 0.071046 0.203718
vt 0.053310 0.999998
vt 0.071028 0.202728
vt 0.071028 0.999206
vt 0.035474 1.000000
vt 0.000000 0.204310
vt 0.017729 0.999998
vt 0.000000 0.203717
vt 0.071045 0.203717
vt 0.053292 1.000000
vt 0.071027 0.202728
vt 0.071027 0.999209
vt 0.035473 1.000000
vt 0.000000 0.204312
vt 0.000000 0.999209
vt 0.000000 0.202728
vt 0.071032 0.204311
vt 0.035554 1.000000
vt 0.071049 0.203719
vt 0.053279 1.000000
vt 0.017716 1.000000
vt 0.000000 0.203716
vt 0.000000 0.999205
vt 0.000000 0.202727
vt 0.071028 0.204311
vt 0.035555 1.000000
vt 0.071046 0.203717
vt 0.053367 1.000000
vt 0.017803 1.000000
vt 0.000000 0.203721
vt 0.017728 1.000000
vt 0.000000 0.203719
vt 0.071046 0.203719
vt 0.053292 0.999998
vt 0.071046 0.203721
vt 0.053253 1.000000
vt 0.017689 1.000000
vt 0.000000 0.203718
vt 0.000000 0.946704
vt 0.796282 0.928952
vt 0.796282 1.000000
vt 0.000001 0.982267
vt 0.796281 1.000000
vt 0.000000 0.982249
vt 0.000000 0.946686
vt 0.796283 0.928952
vt 0.000003 0.946686
vt 0.796283 0.928955
vt 0.796283 1.000000
vt 0.000000 0.982249
vt 0.797270 1.000000
vt 0.000789 1.000000
vt 0.000000 0.964446
vt 0.795687 0.928973
vt 0.000000 0.946687
vt 0.796281 0.928953
vt 0.796281 1.000000
vt 0.000000 0.982251
vt 0.797271 1.000000
vt 0.000793 1.000000
vt 0.000000 0.964445
vt 0.795688 0.928971
vt 0.000793 0.928972
vt 0.797271 0.928972
vt 0.795688 1.000000
vt 0.000000 0.964524
vt 0.796282 1.000000
vt 0.000000 0.982279
vt 0.000000 0.946719
vt 0.796280 0.928954
vt 0.000791 0.928971
vt 0.797270 0.928971
vt 0.795686 1.000000
vt 0.000000 0.964525
vt 0.796278 1.000000
vt 0.000000 0.982226
vt 0.000000 0.946663
vt 0.796282 0.928954
vt 0.000001 0.946675
vt 0.796282 0.928952
vt 0.796282 1.000000
vt 0.000000 0.982241
vt 0.796282 1.000000
vt 0.000000 0.982257
vt 0.000000 0.946691
vt 0.796281 0.928952
vt 0.000001 0.946707
vt 0.796282 0.928952
vt 0.796282 1.000000
vt 0.000000 0.982268
vt 0.797270 1.000000
vt 0.000790 1.000000
vt 0.000000 0.964448
vt 0.795688 0.928969
vt 0.000000 0.946694
vt 0.796282 0.928954
vt 0.796282 1.000000
vt 0.000002 0.982257
vt 0.797272 1.000000
vt 0.000794 1.000000
vt 0.000000 0.964446
vt 0.795689 0.928972
vt 0.000000 0.946711
vt 0.796283 0.928954
vt 0.796283 1.000000
vt 0.000002 0.982274
vt 0.000793 1.000000
vt 0.000000 0.964446
vt 0.795690 0.928971
vt 0.000794 0.928971
vt 0.797271 0.928971
vt 0.795691 1.000000
vt 0.796284 1.000000
vt 0.000000 0.982301
vt 0.000000 0.946738
vt 0.796279 0.928953
vt 0.000792 0.928971
vt 0.797271 0.928971
vt 0.795688 1.000000
vt 0.000000 0.964527
vt 0.796280 1.000000
vt 0.000000 0.982249
vt 0.000000 0.946685
vt 0.796282 0.928954
vt 0.053303 0.203719
vt 0.017741 0.203719
s 1
usemtl jaw_crusher_mat
f 319/490/83 323/491/83 324/492/83 320/493/83
f 322/494/83 326/493/83 325/490/83 321/495/83
f 323/496/84 321/497/84 325/493/84 319/498/84
f 326/499/84 320/500/84 324/501/84 322/502/84
f 323/490/85 327/491/85 328/492/85 324/493/85
f 326/494/85 330/493/85 329/490/85 325/495/85
f 327/503/84 325/504/84 329/493/84 323/505/84
f 330/506/84 324/507/84 328/508/84 326/509/84
f 327/490/86 331/491/86 332/492/86 328/493/86
f 330/494/86 334/493/86 333/490/86 329/495/86
f 331/510/84 329/511/84 333/512/84 327/513/84
f 334/493/84 328/514/84 332/515/84 330/516/84
f 331/490/87 335/491/87 336/492/87 332/493/87
f 334/494/87 338/493/87 337/490/87 333/495/87
f 335/517/84 333/518/84 337/519/84 331/520/84
f 338/493/84 332/521/84 336/522/84 334/523/84
f 335/490/88 339/491/88 340/492/88 336/493/88
f 338/494/88 342/493/88 341/490/88 337/495/88
f 339/524/84 337/525/84 341/526/84 335/527/84
f 342/528/84 336/529/84 340/530/84 338/531/84
f 339/490/89 343/491/89 344/492/89 340/493/89
f 342/494/89 346/493/89 345/490/89 341/495/89
f 343/532/84 341/533/84 345/493/84 339/534/84
f 346/535/84 340/536/84 344/537/84 342/533/84
f 343/490/90 347/491/90 348/492/90 344/493/90
f 346/494/90 350/493/90 349/490/90 345/495/90
f 347/538/84 345/497/84 349/493/84 343/539/84
f 350/493/84 344/540/84 348/541/84 346/542/84
f 347/490/91 351/491/91 352/492/91 348/493/91
f 350/494/92 354/493/92 353/490/92 349/495/92
f 351/543/84 349/544/84 353/493/84 347/545/84
f 354/546/84 348/547/84 352/548/84 350/549/84
f 351/490/93 355/491/93 356/492/93 352/493/93
f 354/494/93 358/493/93 357/490/93 353/495/93
f 355/550/84 353/551/84 357/552/84 351/553/84
f 358/493/84 352/554/84 356/555/84 354/556/84
f 355/490/94 359/491/94 360/492/94 356/493/94
f 358/494/94 362/493/94 361/490/94 357/495/94
f 359/557/84 357/558/84 361/559/84 355/560/84
f 362/561/84 356/562/84 360/563/84 358/564/84
f 359/490/95 363/491/95 364/492/95 360/493/95
f 362/494/95 366/493/95 365/490/95 361/495/95
f 363/565/84 361/566/84 365/493/84 359/567/84
f 366/493/84 360/568/84 364/569/84 362/570/84
f 363/490/96 367/491/96 368/492/96 364/493/96
f 366/494/96 370/493/96 369/490/96 365/495/96
f 367/571/84 365/493/84 369/572/84 363/573/84
f 370/572/84 364/574/84 368/575/84 366/576/84
f 367/490/97 371/491/97 372/492/97 368/493/97
f 370/494/97 374/493/97 373/490/97 369/495/97
f 371/577/84 369/493/84 373/578/84 367/579/84
f 374/580/84 368/581/84 372/582/84 370/583/84
f 371/490/98 375/491/98 376/492/98 372/493/98
f 374/494/98 378/493/98 377/490/98 373/495/98
f 375/584/84 373/493/84 377/585/84 371/586/84
f 378/587/84 372/588/84 376/589/84 374/590/84
f 375/490/99 379/491/99 380/492/99 376/493/99
f 378/494/99 382/493/99 381/490/99 377/495/99
f 379/591/84 377/493/84 381/592/84 375/593/84
f 382/594/84 376/595/84 380/596/84 378/493/84
f 379/490/100 383/491/100 384/492/100 380/493/100
f 382/494/100 386/493/100 385/490/100 381/495/100
f 383/597/84 381/493/84 385/598/84 379/599/84
f 386/572/84 380/600/84 384/601/84 382/602/84
f 383/490/101 387/491/101 388/492/101 384/493/101
f 386/494/101 390/493/101 389/490/101 385/495/101
f 387/603/84 385/493/84 389/604/84 383/605/84
f 390/606/84 384/607/84 388/608/84 386/493/84
f 387/490/102 391/491/102 392/492/102 388/493/102
f 390/494/102 394/493/102 393/490/102 389/495/102
f 391/609/84 389/610/84 393/611/84 387/612/84
f 394/611/84 388/613/84 392/614/84 390/615/84
f 391/490/103 395/491/103 396/492/103 392/493/103
f 394/494/103 398/493/103 397/490/103 393/495/103
f 395/616/84 393/610/84 397/617/84 391/618/84
f 398/619/84 392/620/84 396/621/84 394/622/84
f 395/490/104 399/491/104 400/492/104 396/493/104
f 398/494/104 402/493/104 401/490/104 397/495/104
f 399/623/84 397/493/84 401/624/84 395/625/84
f 402/626/84 396/627/84 400/628/84 398/629/84
f 399/490/105 403/491/105 404/492/105 400/493/105
f 402/494/106 406/493/106 405/490/106 401/495/106
f 403/630/84 401/493/84 405/631/84 399/632/84
f 406/633/84 400/634/84 404/635/84 402/493/84
f 403/490/107 407/491/107 408/492/107 404/493/107
f 406/494/107 410/493/107 409/490/107 405/495/107
f 407/636/84 405/493/84 409/637/84 403/638/84
f 410/639/84 404/640/84 408/641/84 406/493/84
f 407/490/108 411/491/108 412/492/108 408/493/108
f 410/494/108 414/493/108 413/490/108 409/495/108
f 411/642/84 409/493/84 413/643/84 407/644/84
f 414/643/84 408/645/84 412/646/84 410/647/84
f 411/490/109 415/491/109 416/492/109 412/493/109
f 414/494/109 418/493/109 417/490/109 413/495/109
f 415/648/84 413/649/84 417/650/84 411/651/84
f 418/652/84 412/653/84 416/654/84 414/655/84
f 415/490/110 419/491/110 420/492/110 416/493/110
f 418/494/110 422/493/110 421/490/110 417/495/110
f 419/656/84 417/657/84 421/658/84 415/659/84
f 422/660/84 416/661/84 420/662/84 418/663/84
f 419/490/111 423/491/111 424/492/111 420/493/111
f 422/494/112 426/493/112 425/490/112 421/495/112
f 423/664/84 421/665/84 425/666/84 419/667/84
f 426/668/84 420/669/84 424/670/84 422/671/84
f 423/490/113 427/491/113 428/492/113 424/493/113
f 426/494/113 430/493/113 429/490/113 425/495/113
f 427/672/84 425/673/84 429/674/84 423/675/84
f 430/676/84 424/677/84 428/678/84 426/679/84
f 427/490/114 431/491/114 432/492/114 428/493/114
f 430/494/114 434/493/114 433/490/114 429/495/114
f 431/680/84 429/681/84 433/682/84 427/683/84
f 434/684/84 428/685/84 432/686/84 430/687/84
f 431/490/115 435/491/115 436/492/115 432/493/115
f 434/494/115 438/493/115 437/490/115 433/495/115
f 435/688/84 433/689/84 437/690/84 431/691/84
f 438/692/84 432/693/84 436/694/84 434/695/84
f 435/490/116 439/491/116 440/492/116 436/493/116
f 438/494/116 442/493/116 441/490/116 437/495/116
f 439/696/84 437/697/84 441/698/84 435/699/84
f 442/700/84 436/701/84 440/702/84 438/703/84
f 439/490/117 443/491/117 444/492/117 440/493/117
f 442/494/117 446/493/117 445/490/117 441/495/117
f 443/704/84 441/705/84 445/706/84 439/707/84
f 446/708/84 440/709/84 444/710/84 442/711/84
f 443/490/118 447/491/118 448/492/118 444/493/118
f 446/494/118 450/493/118 449/490/118 445/495/118
f 447/712/84 445/713/84 449/714/84 443/715/84
f 450/716/84 444/717/84 448/718/84 446/719/84
f 447/490/119 451/491/119 452/492/119 448/493/119
f 450/494/119 454/493/119 453/490/119 449/495/119
f 451/720/84 449/721/84 453/722/84 447/723/84
f 454/724/84 448/725/84 452/726/84 450/727/84
f 451/490/120 455/491/120 456/492/120 452/493/120
f 454/494/120 458/493/120 457/490/120 453/495/120
f 455/728/84 453/729/84 457/730/84 451/731/84
f 458/732/84 452/733/84 456/734/84 454/735/84
f 455/490/121 459/491/121 460/492/121 456/493/121
f 458/494/121 462/493/121 461/490/121 457/495/121
f 459/736/84 457/737/84 461/738/84 455/739/84
f 462/740/84 456/741/84 460/742/84 458/743/84
f 459/490/122 463/491/122 464/492/122 460/493/122
f 462/494/122 466/493/122 465/490/122 461/495/122
f 463/744/84 461/745/84 465/746/84 459/747/84
f 466/748/84 460/749/84 464/750/84 462/751/84
f 463/490/123 467/491/123 468/492/123 464/493/123
f 466/494/123 470/493/123 469/490/123 465/495/123
f 467/752/84 465/753/84 469/754/84 463/755/84
f 470/756/84 464/757/84 468/758/84 466/759/84
f 467/490/124 471/491/124 472/492/124 468/493/124
f 470/494/124 474/493/124 473/490/124 469/495/124
f 471/760/84 469/761/84 473/762/84 467/763/84
f 474/764/84 468/765/84 472/766/84 470/767/84
f 471/490/125 475/491/125 476/492/125 472/493/125
f 474/494/126 478/493/126 477/490/126 473/495/126
f 475/768/84 473/769/84 477/770/84 471/771/84
f 478/772/84 472/773/84 476/774/84 474/775/84
f 475/490/127 479/491/127 480/492/127 476/493/127
f 478/494/127 482/493/127 481/490/127 477/495/127
f 479/776/84 477/777/84 481/778/84 475/779/84
f 482/780/84 476/781/84 480/782/84 478/783/84
f 479/490/128 483/491/128 484/492/128 480/493/128
f 482/494/128 486/493/128 485/490/128 481/495/128
f 483/784/84 481/785/84 485/786/84 479/787/84
f 486/788/84 480/789/84 484/790/84 482/791/84
f 483/490/129 487/491/129 488/492/129 484/493/129
f 486/494/129 490/493/129 489/490/129 485/495/129
f 487/792/84 485/793/84 489/794/84 483/795/84
f 490/796/84 484/797/84 488/798/84 486/799/84
f 487/490/130 491/491/130 492/492/130 488/493/130
f 490/494/130 494/493/130 493/490/130 489/495/130
f 491/800/84 489/801/84 493/802/84 487/803/84
f 494/804/84 488/805/84 492/806/84 490/807/84
f 491/490/131 495/491/131 496/492/131 492/493/131
f 494/494/131 498/493/131 497/490/131 493/495/131
f 495/808/84 493/809/84 497/810/84 491/811/84
f 498/764/84 492/812/84 496/813/84 494/814/84
f 495/490/132 499/491/132 500/492/132 496/493/132
f 498/494/132 502/493/132 501/490/132 497/495/132
f 499/815/84 497/816/84 501/817/84 495/779/84
f 502/818/84 496/819/84 500/820/84 498/821/84
f 499/490/133 503/491/133 504/492/133 500/493/133
f 502/494/133 506/493/133 505/490/133 501/495/133
f 503/822/84 501/823/84 505/824/84 499/825/84
f 506/826/84 500/827/84 504/828/84 502/829/84
f 503/490/134 319/491/134 320/492/134 504/493/134
f 506/494/134 322/493/134 321/490/134 505/495/134
f 319/830/84 505/494/84 321/493/84 503/831/84
f 322/493/84 504/831/84 320/830/84 506/494/84
o cylinder
v 0.718750 2.750000 -1.875000
v 0.718750 2.750000 1.812500
v 0.688202 2.903576 -1.875000
v 0.688202 2.903577 1.812500
v 0.668417 2.898275 -1.875000
v 0.668417 2.898276 1.812500
v 0.649494 2.890437 -1.875000
v 0.649494 2.890437 1.812500
v 0.631756 2.880196 -1.875000
v 0.631756 2.880196 1.812500
v 0.615506 2.867727 -1.875000
v 0.615506 2.867727 1.812500
v 0.601023 2.853244 -1.875000
v 0.601023 2.853244 1.812500
v 0.588554 2.836994 -1.875000
v 0.588554 2.836994 1.812500
v 0.578313 2.819256 -1.875000
v 0.578313 2.819256 1.812500
v 0.570475 2.800333 -1.875000
v 0.570475 2.800333 1.812500
v 0.565174 2.780548 -1.875000
v 0.565174 2.780549 1.812500
v 0.562500 2.760241 -1.875000
v 0.562500 2.760242 1.812500
v 0.562500 2.739758 -1.875000
v 0.562500 2.739759 1.812500
v 0.565174 2.719451 -1.875000
v 0.565174 2.719452 1.812500
v 0.570475 2.699667 -1.875000
v 0.570475 2.699667 1.812500
v 0.578313 2.680744 -1.875000
v 0.578313 2.680744 1.812500
v 0.588554 2.663006 -1.875000
v 0.588554 2.663006 1.812500
v 0.601023 2.646756 -1.875000
v 0.601023 2.646756 1.812500
v 0.615506 2.632273 -1.875000
v 0.615506 2.632273 1.812500
v 0.631756 2.619804 -1.875000
v 0.631756 2.619804 1.812500
v 0.649494 2.609563 -1.875000
v 0.649494 2.609563 1.812500
v 0.668417 2.601724 -1.875000
v 0.668417 2.601725 1.812500
v 0.688202 2.596423 -1.875000
v 0.688202 2.596424 1.812500
v 0.708509 2.593750 -1.875000
v 0.708509 2.593750 1.812500
v 0.728991 2.593750 -1.875000
v 0.728991 2.593750 1.812500
v 0.749298 2.596423 -1.875000
v 0.749298 2.596424 1.812500
v 0.769083 2.601724 -1.875000
v 0.769083 2.601725 1.812500
v 0.788006 2.609563 -1.875000
v 0.788006 2.609563 1.812500
v 0.805744 2.619804 -1.875000
v 0.805744 2.619804 1.812500
v 0.821994 2.632273 -1.875000
v 0.821994 2.632273 1.812500
v 0.836477 2.646756 -1.875000
v 0.836477 2.646756 1.812500
v 0.848946 2.663006 -1.875000
v 0.848946 2.663006 1.812500
v 0.859187 2.680744 -1.875000
v 0.859187 2.680744 1.812500
v 0.867025 2.699667 -1.875000
v 0.867025 2.699667 1.812500
v 0.872326 2.719451 -1.875000
v 0.872326 2.719452 1.812500
v 0.875000 2.739758 -1.875000
v 0.875000 2.739759 1.812500
v 0.875000 2.760241 -1.875000
v 0.875000 2.760242 1.812500
v 0.872326 2.780548 -1.875000
v 0.872326 2.780549 1.812500
v 0.867025 2.800333 -1.875000
v 0.867025 2.800333 1.812500
v 0.859187 2.819256 -1.875000
v 0.859187 2.819256 1.812500
v 0.848946 2.836994 -1.875000
v 0.848946 2.836994 1.812500
v 0.836477 2.853244 -1.875000
v 0.836477 2.853244 1.812500
v 0.821994 2.867727 -1.875000
v 0.821994 2.867727 1.812500
v 0.805744 2.880196 -1.875000
v 0.805744 2.880196 1.812500
v 0.788006 2.890437 -1.875000
v 0.788006 2.890437 1.812500
v 0.769083 2.898275 -1.875000
v 0.769083 2.898276 1.812500
v 0.749298 2.903576 -1.875000
v 0.749298 2.903577 1.812500
v 0.728991 2.906250 -1.875000
v 0.728991 2.906250 1.812500
v 0.708509 2.906250 -1.875000
v 0.708509 2.906250 1.812500
vn -0.0000 -0.0000 -1.0000
vn -0.2588 0.9659 -0.0000
vn -0.0000 -0.0000 1.0000
vn -0.3827 0.9239 -0.0000
vn -0.5000 0.8660 -0.0000
vn -0.6088 0.7934 -0.0000
vn -0.7071 0.7071 -0.0000
vn -0.7934 0.6088 -0.0000
vn -0.8660 0.5000 -0.0000
vn -0.9239 0.3827 -0.0000
vn -0.9659 0.2588 -0.0000
vn -0.9914 0.1305 -0.0000
vn -1.0000 -0.0000 -0.0000
vn -0.9914 -0.1305 -0.0000
vn -0.9659 -0.2588 -0.0000
vn -0.9239 -0.3827 -0.0000
vn -0.8660 -0.5000 -0.0000
vn -0.7934 -0.6088 -0.0000
vn -0.7071 -0.7071 -0.0000
vn -0.6088 -0.7934 -0.0000
vn -0.5000 -0.8660 -0.0000
vn -0.3827 -0.9239 -0.0000
vn -0.2588 -0.9659 -0.0000
vn -0.1305 -0.9914 -0.0000
vn -0.0000 -1.0000 -0.0000
vn 0.1305 -0.9914 -0.0000
vn 0.2588 -0.9659 -0.0000
vn 0.3827 -0.9239 -0.0000
vn 0.5000 -0.8660 -0.0000
vn 0.6088 -0.7934 -0.0000
vn 0.7071 -0.7071 -0.0000
vn 0.7934 -0.6088 -0.0000
vn 0.8660 -0.5000 -0.0000
vn 0.9239 -0.3827 -0.0000
vn 0.9659 -0.2588 -0.0000
vn 0.9914 -0.1305 -0.0000
vn 1.0000 -0.0000 -0.0000
vn 0.9914 0.1305 -0.0000
vn 0.9659 0.2588 -0.0000
vn 0.9239 0.3827 -0.0000
vn 0.8660 0.5000 -0.0000
vn 0.7934 0.6088 -0.0000
vn 0.7071 0.7071 -0.0000
vn 0.6088 0.7934 -0.0000
vn 0.5000 0.8660 -0.0000
vn 0.3827 0.9239 -0.0000
vn 0.2588 0.9659 -0.0000
vn 0.1305 0.9914 -0.0000
vn -0.0000 1.0000 -0.0000
vn -0.1305 0.9914 -0.0000
vt 0.078292 0.989781
vt 0.077623 1.000000
vt 0.000000 0.989781
vt 0.000000 -0.718750
vt 0.010244 -0.718750
vt 0.010244 1.000000
vt 0.000000 1.000000
vt 0.000000 0.921707
vt 0.010219 0.922378
vt 0.000000 1.000000
vt 0.078292 0.989782
vt 0.077622 1.000000
vt 0.000000 0.989782
vt 0.000000 0.921708
vt 0.010218 0.922377
vt 0.000000 1.000000
vt 0.078293 0.989780
vt 0.077622 1.000000
vt 0.000000 0.989780
vt 0.000000 0.921708
vt 0.010220 0.922377
vt 0.000000 1.000000
vt 0.078292 0.989780
vt 0.077623 1.000000
vt 0.000000 0.989780
vt 0.000000 0.921707
vt 0.010219 0.922378
vt 0.078292 0.989781
vt 0.077622 1.000000
vt 0.000000 0.989781
vt 0.000000 0.921708
vt 0.010219 0.922378
vt 0.078292 0.989782
vt 0.077622 1.000000
vt 0.000000 0.989782
vt 0.000000 0.921708
vt 0.010218 0.922378
vt 0.078292 0.989781
vt 0.077622 1.000000
vt 0.000000 0.989781
vt 0.000000 0.921708
vt 0.010219 0.922378
vt 0.078293 0.989780
vt 0.077622 1.000000
vt 0.000000 0.989780
vt 0.000000 0.921708
vt 0.010220 0.922377
vt 0.000000 1.000000
vt 0.078292 0.989780
vt 0.077623 1.000000
vt 0.000000 0.989780
vt 0.000000 0.921707
vt 0.010220 0.922378
vt 0.000000 1.000000
vt 0.078292 0.989782
vt 0.077623 1.000000
vt 0.000000 0.989782
vt 0.000000 0.921708
vt 0.010218 0.922378
vt 0.078293 0.989781
vt 0.077622 1.000000
vt 0.000000 0.989781
vt 0.000000 0.921708
vt 0.010219 0.922377
vt 0.000000 1.000000
vt 0.078125 0.989756
vt 0.078125 1.000000
vt 0.000000 0.994878
vt 0.000000 0.921875
vt 0.010244 0.921875
vt 0.005122 1.000000
vt 0.005122 0.921875
vt 0.000669 0.989781
vt 0.078292 1.000000
vt 0.010219 1.000000
vt 0.000000 0.999330
vt 0.010219 0.921707
vt 0.000670 0.989782
vt 0.078292 1.000000
vt 0.010218 1.000000
vt 0.000000 0.999331
vt 0.010218 0.921708
vt 0.000671 0.989780
vt 0.078293 1.000000
vt 0.010220 1.000000
vt 0.000000 0.999331
vt 0.010220 0.921708
vt 0.000669 0.989780
vt 0.078292 1.000000
vt 0.010219 1.000000
vt 0.000000 0.999329
vt 0.010219 0.921707
vt 0.000670 0.989781
vt 0.078292 1.000000
vt 0.010219 1.000000
vt 0.000000 0.999330
vt 0.010219 0.921708
vt 0.000670 0.989782
vt 0.010218 1.000000
vt 0.000000 0.999330
vt 0.010218 0.921708
vt 0.000670 0.989781
vt 0.010219 1.000000
vt 0.000000 0.999330
vt 0.010219 0.921708
vt 0.000671 0.989780
vt 0.010220 1.000000
vt 0.000000 0.999331
vt 0.010220 0.921708
vt 0.000669 0.989780
vt 0.010220 1.000000
vt 0.000000 0.999329
vt 0.010220 0.921707
vt 0.000669 0.989782
vt 0.010218 1.000000
vt 0.000000 0.999330
vt 0.010218 0.921708
vt 0.000670 0.989781
vt 0.078293 1.000000
vt 0.010219 1.000000
vt 0.000000 0.999331
vt 0.010219 0.921708
vt 0.000000 0.989756
vt 0.078125 0.994878
s 1
usemtl jaw_crusher_mat
f 511/832/135 509/833/135 507/834/135
f 509/835/136 511/836/136 512/837/136 510/838/136
f 510/839/137 512/840/137 508/841/137
f 513/842/135 511/843/135 507/844/135
f 511/835/138 513/836/138 514/837/138 512/838/138
f 512/845/137 514/846/137 508/847/137
f 515/848/135 513/849/135 507/850/135
f 513/835/139 515/836/139 516/837/139 514/838/139
f 514/851/137 516/852/137 508/853/137
f 517/854/135 515/855/135 507/856/135
f 515/835/140 517/836/140 518/837/140 516/838/140
f 516/857/137 518/858/137 508/847/137
f 519/859/135 517/860/135 507/861/135
f 517/835/141 519/836/141 520/837/141 518/838/141
f 518/862/137 520/863/137 508/847/137
f 521/864/135 519/865/135 507/866/135
f 519/835/142 521/836/142 522/837/142 520/838/142
f 520/867/137 522/868/137 508/847/137
f 523/869/135 521/870/135 507/871/135
f 521/835/143 523/836/143 524/837/143 522/838/143
f 522/872/137 524/873/137 508/847/137
f 525/874/135 523/875/135 507/876/135
f 523/835/144 525/836/144 526/837/144 524/838/144
f 524/877/137 526/878/137 508/879/137
f 527/880/135 525/881/135 507/882/135
f 525/835/145 527/836/145 528/837/145 526/838/145
f 526/883/137 528/884/137 508/885/137
f 529/886/135 527/887/135 507/888/135
f 527/835/146 529/836/146 530/837/146 528/838/146
f 528/889/137 530/890/137 508/847/137
f 531/891/135 529/892/135 507/893/135
f 529/835/147 531/836/147 532/837/147 530/838/147
f 530/894/137 532/895/137 508/896/137
f 533/897/135 531/898/135 507/899/135
f 531/835/148 533/836/148 534/837/148 532/838/148
f 532/897/137 534/898/137 508/899/137
f 535/894/135 533/895/135 507/896/135
f 533/835/149 535/836/149 536/837/149 534/838/149
f 534/891/137 536/892/137 508/893/137
f 537/889/135 535/890/135 507/847/135
f 535/835/150 537/836/150 538/837/150 536/838/150
f 536/886/137 538/887/137 508/888/137
f 539/883/135 537/884/135 507/885/135
f 537/835/151 539/836/151 540/837/151 538/838/151
f 538/880/137 540/881/137 508/882/137
f 541/877/135 539/878/135 507/879/135
f 539/835/152 541/836/152 542/837/152 540/838/152
f 540/874/137 542/875/137 508/876/137
f 543/872/135 541/873/135 507/847/135
f 541/835/153 543/836/153 544/837/153 542/838/153
f 542/869/137 544/870/137 508/871/137
f 545/867/135 543/868/135 507/847/135
f 543/835/154 545/836/154 546/837/154 544/838/154
f 544/864/137 546/865/137 508/866/137
f 547/862/135 545/863/135 507/847/135
f 545/835/155 547/836/155 548/837/155 546/838/155
f 546/859/137 548/860/137 508/861/137
f 549/857/135 547/858/135 507/847/135
f 547/835/156 549/836/156 550/837/156 548/838/156
f 548/854/137 550/855/137 508/856/137
f 551/851/135 549/852/135 507/853/135
f 549/835/157 551/836/157 552/837/157 550/838/157
f 550/848/137 552/849/137 508/850/137
f 553/845/135 551/846/135 507/847/135
f 551/835/158 553/836/158 554/837/158 552/838/158
f 552/842/137 554/843/137 508/844/137
f 555/839/135 553/840/135 507/841/135
f 553/835/159 555/836/159 556/837/159 554/838/159
f 554/832/137 556/833/137 508/834/137
f 557/900/135 555/901/135 507/902/135
f 555/835/160 557/836/160 558/837/160 556/838/160
f 556/837/137 558/838/137 508/903/137
f 559/847/135 557/904/135 507/905/135
f 557/835/161 559/836/161 560/837/161 558/838/161
f 558/906/137 560/907/137 508/908/137
f 561/847/135 559/909/135 507/910/135
f 559/835/162 561/836/162 562/837/162 560/838/162
f 560/911/137 562/912/137 508/913/137
f 563/847/135 561/914/135 507/915/135
f 561/835/163 563/836/163 564/837/163 562/838/163
f 562/916/137 564/917/137 508/918/137
f 565/847/135 563/919/135 507/920/135
f 563/835/164 565/836/164 566/837/164 564/838/164
f 564/921/137 566/922/137 508/923/137
f 567/847/135 565/924/135 507/925/135
f 565/835/165 567/836/165 568/837/165 566/838/165
f 566/926/137 568/927/137 508/928/137
f 569/847/135 567/929/135 507/925/135
f 567/835/166 569/836/166 570/837/166 568/838/166
f 568/930/137 570/931/137 508/932/137
f 571/847/135 569/933/135 507/920/135
f 569/835/167 571/836/167 572/837/167 570/838/167
f 570/934/137 572/935/137 508/936/137
f 573/847/135 571/937/135 507/915/135
f 571/835/168 573/836/168 574/837/168 572/838/168
f 572/938/137 574/939/137 508/940/137
f 575/847/135 573/941/135 507/910/135
f 573/835/169 575/836/169 576/837/169 574/838/169
f 574/942/137 576/943/137 508/944/137
f 577/847/135 575/945/135 507/905/135
f 575/835/170 577/836/170 578/837/170 576/838/170
f 576/946/137 578/947/137 508/948/137
f 579/847/135 577/949/135 507/950/135
f 577/835/171 579/836/171 580/837/171 578/838/171
f 578/951/137 580/952/137 508/953/137
f 581/847/135 579/954/135 507/955/135
f 579/835/172 581/836/172 582/837/172 580/838/172
f 580/847/137 582/954/137 508/955/137
f 583/951/135 581/952/135 507/953/135
f 581/835/173 583/836/173 584/837/173 582/838/173
f 582/847/137 584/949/137 508/950/137
f 585/946/135 583/947/135 507/948/135
f 583/835/174 585/836/174 586/837/174 584/838/174
f 584/847/137 586/945/137 508/905/137
f 587/942/135 585/943/135 507/944/135
f 585/835/175 587/836/175 588/837/175 586/838/175
f 586/847/137 588/941/137 508/910/137
f 589/938/135 587/939/135 507/940/135
f 587/835/176 589/836/176 590/837/176 588/838/176
f 588/847/137 590/937/137 508/915/137
f 591/934/135 589/935/135 507/936/135
f 589/835/177 591/836/177 592/837/177 590/838/177
f 590/847/137 592/933/137 508/920/137
f 593/930/135 591/931/135 507/932/135
f 591/835/178 593/836/178 594/837/178 592/838/178
f 592/847/137 594/929/137 508/925/137
f 595/926/135 593/927/135 507/928/135
f 593/835/179 595/836/179 596/837/179 594/838/179
f 594/847/137 596/924/137 508/925/137
f 597/921/135 595/922/135 507/923/135
f 595/835/180 597/836/180 598/837/180 596/838/180
f 596/847/137 598/919/137 508/920/137
f 599/916/135 597/917/135 507/918/135
f 597/835/181 599/836/181 600/837/181 598/838/181
f 598/847/137 600/914/137 508/915/137
f 601/911/135 599/912/135 507/913/135
f 599/835/182 601/836/182 602/837/182 600/838/182
f 600/847/137 602/909/137 508/910/137
f 603/906/135 601/907/135 507/908/135
f 601/835/183 603/836/183 604/837/183 602/838/183
f 602/847/137 604/904/137 508/905/137
f 509/837/135 603/838/135 507/903/135
f 603/835/184 509/836/184 510/837/184 604/838/184
f 604/900/137 510/901/137 508/902/137
o mesh.006
v -0.759658 2.812500 1.187500
v -0.759658 2.812500 -1.187500
v -0.759658 0.812500 1.187500
v -0.759658 0.812500 -1.187500
v -1.314224 2.812500 1.187500
v -1.314224 2.812500 -1.187500
v -1.314224 0.812500 1.187500
v -1.314224 0.812500 -1.187500
vn 1.0000 -0.0000 -0.0000
vn -1.0000 -0.0000 -0.0000
vn -0.0000 1.0000 -0.0000
vn -0.0000 -1.0000 -0.0000
vn -0.0000 -0.0000 1.0000
vn -0.0000 -0.0000 -1.0000
vt 0.500000 1.000000
vt 0.000000 1.000000
vt 0.000000 0.750000
vt 0.500000 0.750000
vt 0.000000 0.500000
vt 0.500000 0.500000
s 1
usemtl jaw_crusher_mat
f 606/956/185 605/957/185 607/958/185 608/959/185
f 611/959/186 609/956/186 610/957/186 612/958/186
f 609/960/187 605/961/187 606/956/187 610/957/187
f 608/961/188 607/956/188 611/957/188 612/960/188
f 607/959/189 605/956/189 609/957/189 611/958/189
f 610/956/190 606/957/190 608/958/190 612/959/190
o mesh.007
v 1.177915 2.906281 1.187500
v 1.177915 2.906281 -1.187500
v 0.473145 3.162796 1.187500
v 0.473145 3.162796 -1.187500
v -0.381905 0.813565 1.187500
v -0.381905 0.813565 -1.187500
v 0.592943 1.299084 1.187500
v 0.592943 1.299084 -1.187500
v 0.275393 1.465650 1.187500
v 0.275393 1.465650 -1.187500
v -0.224618 0.756317 -1.187500
v -0.224618 0.756317 1.187500
v -0.075135 0.797383 1.187500
v -0.075135 0.797383 -1.187500
vn 0.9397 -0.3420 -0.0000
vn -0.9397 0.3420 -0.0000
vn 0.3420 0.9397 -0.0000
vn -0.3420 -0.9397 -0.0000
vn -0.0000 -0.0000 1.0000
vn -0.0000 -0.0000 -1.0000
vn 0.8856 -0.4645 -0.0000
vn -0.4645 -0.8856 -0.0000
vn 0.2649 -0.9643 -0.0000
vt 0.500000 1.000000
vt 0.000000 1.000000
vt 0.000000 0.828966
vt 0.500000 0.828966
vt 0.500000 0.750000
vt 0.000000 0.750000
vt 0.000000 0.500000
vt 0.500000 0.500000
vt 0.111587 0.500000
vt 0.111587 1.000000
vt 0.263088 0.833757
vt 0.500000 0.828966
vt 0.111587 0.750000
vt 0.195869 0.758972
vt 0.236912 0.833757
vt 0.304131 0.758972
vt 0.388413 0.750000
vt 0.000000 0.000000
s 1
usemtl jaw_crusher_mat
f 614/962/191 613/963/191 619/964/191 620/965/191
f 617/966/192 615/962/192 616/963/192 618/967/192
f 615/968/193 613/969/193 614/962/193 616/963/193
f 617/963/194 618/968/194 623/970/194 624/971/194
f 621/972/195 619/973/195 613/962/195 615/963/195 617/967/195 624/974/195 625/975/195
f 618/966/196 616/962/196 614/963/196 620/964/196 622/976/196 626/977/196 623/978/196
s 0
f 622/979/197 621/979/197 625/979/197 626/979/197
f 620/979/198 619/979/198 621/979/198 622/979/198
f 625/979/199 624/979/199 623/979/199 626/979/199
o mesh.004
v 1.500000 0.125000 1.500000
v 1.500000 0.125000 -1.500000
v 1.500000 0.000000 1.500000
v 1.500000 -0.000000 -1.500000
v -1.500000 0.125000 1.500000
v -1.500000 0.125000 -1.500000
v -1.500000 0.000000 1.500000
v -1.500000 -0.000000 -1.500000
vn 1.0000 -0.0000 -0.0000
vn -1.0000 -0.0000 -0.0000
vn -0.0000 1.0000 -0.0000
vn -0.0000 -1.0000 -0.0000
vn -0.0000 -0.0000 1.0000
vn -0.0000 -0.0000 -1.0000
vt 0.500000 1.000000
vt 0.000000 1.000000
vt 0.000000 0.750000
vt 0.500000 0.750000
vt 0.000000 0.500000
vt 0.500000 0.500000
s 1
usemtl jaw_crusher_mat
f 628/980/200 627/981/200 629/982/200 630/983/200
f 633/983/201 631/980/201 632/981/201 634/982/201
f 631/984/202 627/985/202 628/980/202 632/981/202
f 630/985/203 629/980/203 633/981/203 634/984/203
f 629/983/204 627/980/204 631/981/204 633/982/204
f 632/980/205 628/981/205 630/982/205 634/983/205
o mesh.005
v 1.437500 0.250000 1.312500
v 1.437500 0.250000 -1.312500
v 1.437500 0.125000 1.312500
v 1.437500 0.125000 -1.312500
v -1.437500 0.250000 1.312500
v -1.437500 0.250000 -1.312500
v -1.437500 0.125000 1.312500
v -1.437500 0.125000 -1.312500
vn 1.0000 -0.0000 -0.0000
vn -1.0000 -0.0000 -0.0000
vn -0.0000 1.0000 -0.0000
vn -0.0000 -1.0000 -0.0000
vn -0.0000 -0.0000 1.0000
vn -0.0000 -0.0000 -1.0000
vt 0.500000 1.000000
vt 0.000000 1.000000
vt 0.000000 0.750000
vt 0.500000 0.750000
vt 0.000000 0.500000
vt 0.500000 0.500000
s 1
usemtl jaw_crusher_mat
f 636/986/206 635/987/206 637/988/206 638/989/206
f 641/989/207 639/986/207 640/987/207 642/988/207
f 639/990/208 635/991/208 636/986/208 640/987/208
f 638/991/209 637/986/209 641/987/209 642/990/209
f 637/989/210 635/986/210 639/987/210 641/988/210
f 640/986/211 636/987/211 638/988/211 642/989/211
o 柱体
v 0.703634 1.117366 -0.728561
v 0.703634 1.117366 0.751439
v 0.781670 1.109680 -0.728561
v 0.781670 1.109680 0.751439
v 0.856707 1.086918 -0.728561
v 0.856707 1.086917 0.751439
v 0.925862 1.049954 -0.728561
v 0.925862 1.049953 0.751439
v 0.986476 1.000208 -0.728561
v 0.986476 1.000208 0.751439
v 1.036222 0.939594 -0.728561
v 1.036222 0.939594 0.751439
v 1.073186 0.870439 -0.728561
v 1.073186 0.870439 0.751439
v 1.095948 0.795402 -0.728561
v 1.095948 0.795402 0.751439
v 1.103634 0.717366 -0.728561
v 1.103634 0.717366 0.751439
v 1.095948 0.639330 -0.728561
v 1.095948 0.639330 0.751439
v 1.073186 0.564292 -0.728561
v 1.073186 0.564292 0.751439
v 1.036222 0.495138 -0.728561
v 1.036222 0.495138 0.751439
v 0.986476 0.434523 -0.728561
v 0.986476 0.434523 0.751439
v 0.925862 0.384778 -0.728561
v 0.925862 0.384778 0.751439
v 0.856707 0.347814 -0.728561
v 0.856707 0.347814 0.751439
v 0.781670 0.325052 -0.728561
v 0.781670 0.325052 0.751439
v 0.703634 0.317366 -0.728561
v 0.703634 0.317366 0.751439
v 0.625598 0.325052 -0.728561
v 0.625598 0.325052 0.751439
v 0.550560 0.347814 -0.728561
v 0.550560 0.347814 0.751439
v 0.481406 0.384778 -0.728561
v 0.481406 0.384778 0.751439
v 0.420791 0.434523 -0.728561
v 0.420791 0.434523 0.751439
v 0.371046 0.495138 -0.728561
v 0.371046 0.495138 0.751439
v 0.334082 0.564292 -0.728561
v 0.334082 0.564292 0.751439
v 0.311320 0.639330 -0.728561
v 0.311320 0.639330 0.751439
v 0.303634 0.717366 -0.728561
v 0.303634 0.717366 0.751439
v 0.311320 0.795402 -0.728561
v 0.311320 0.795402 0.751439
v 0.334082 0.870439 -0.728561
v 0.334082 0.870439 0.751439
v 0.371046 0.939594 -0.728561
v 0.371046 0.939594 0.751439
v 0.420791 1.000208 -0.728561
v 0.420791 1.000208 0.751439
v 0.481406 1.049954 -0.728561
v 0.481406 1.049953 0.751439
v 0.550560 1.086918 -0.728561
v 0.550560 1.086917 0.751439
v 0.625598 1.109680 -0.728561
v 0.625598 1.109680 0.751439
vn 0.0980 0.9952 -0.0000
vn 0.2903 0.9569 -0.0000
vn 0.4714 0.8819 -0.0000
vn 0.6344 0.7730 -0.0000
vn 0.7730 0.6344 -0.0000
vn 0.8819 0.4714 -0.0000
vn 0.9569 0.2903 -0.0000
vn 0.9952 0.0980 -0.0000
vn 0.9952 -0.0980 -0.0000
vn 0.9569 -0.2903 -0.0000
vn 0.8819 -0.4714 -0.0000
vn 0.7730 -0.6344 -0.0000
vn 0.6344 -0.7730 -0.0000
vn 0.4714 -0.8819 -0.0000
vn 0.2903 -0.9569 -0.0000
vn 0.0980 -0.9952 -0.0000
vn -0.0980 -0.9952 -0.0000
vn -0.2903 -0.9569 -0.0000
vn -0.4714 -0.8819 -0.0000
vn -0.6344 -0.7730 -0.0000
vn -0.7730 -0.6344 -0.0000
vn -0.8819 -0.4714 -0.0000
vn -0.9569 -0.2903 -0.0000
vn -0.9952 -0.0980 -0.0000
vn -0.9952 0.0980 -0.0000
vn -0.9569 0.2903 -0.0000
vn -0.8819 0.4714 -0.0000
vn -0.7730 0.6344 -0.0000
vn -0.6344 0.7730 -0.0000
vn -0.4714 0.8819 -0.0000
vn -0.0000 -0.0000 1.0000
vn -0.2903 0.9569 -0.0000
vn -0.0980 0.9952 -0.0000
vn -0.0000 -0.0000 -1.0000
vt 1.000000 0.500000
vt 1.000000 1.000000
vt 0.968750 1.000000
vt 0.968750 0.500000
vt 0.937500 1.000000
vt 0.937500 0.500000
vt 0.906250 1.000000
vt 0.906250 0.500000
vt 0.875000 1.000000
vt 0.875000 0.500000
vt 0.843750 1.000000
vt 0.843750 0.500000
vt 0.812500 1.000000
vt 0.812500 0.500000
vt 0.781250 1.000000
vt 0.781250 0.500000
vt 0.750000 1.000000
vt 0.750000 0.500000
vt 0.718750 1.000000
vt 0.718750 0.500000
vt 0.687500 1.000000
vt 0.687500 0.500000
vt 0.656250 1.000000
vt 0.656250 0.500000
vt 0.625000 1.000000
vt 0.625000 0.500000
vt 0.593750 1.000000
vt 0.593750 0.500000
vt 0.562500 1.000000
vt 0.562500 0.500000
vt 0.531250 1.000000
vt 0.531250 0.500000
vt 0.500000 1.000000
vt 0.500000 0.500000
vt 0.468750 1.000000
vt 0.468750 0.500000
vt 0.437500 1.000000
vt 0.437500 0.500000
vt 0.406250 1.000000
vt 0.406250 0.500000
vt 0.375000 1.000000
vt 0.375000 0.500000
vt 0.343750 1.000000
vt 0.343750 0.500000
vt 0.312500 1.000000
vt 0.312500 0.500000
vt 0.281250 1.000000
vt 0.281250 0.500000
vt 0.250000 1.000000
vt 0.250000 0.500000
vt 0.218750 1.000000
vt 0.218750 0.500000
vt 0.187500 1.000000
vt 0.187500 0.500000
vt 0.156250 1.000000
vt 0.156250 0.500000
vt 0.125000 1.000000
vt 0.125000 0.500000
vt 0.093750 1.000000
vt 0.093750 0.500000
vt 0.062500 1.000000
vt 0.062500 0.500000
vt 0.296822 0.485388
vt 0.250000 0.490000
vt 0.203178 0.485388
vt 0.158156 0.471731
vt 0.116663 0.449553
vt 0.080294 0.419706
vt 0.050447 0.383337
vt 0.028269 0.341844
vt 0.014612 0.296822
vt 0.010000 0.250000
vt 0.014612 0.203178
vt 0.028269 0.158156
vt 0.050447 0.116663
vt 0.080294 0.080294
vt 0.116663 0.050447
vt 0.158156 0.028269
vt 0.203178 0.014612
vt 0.250000 0.010000
vt 0.296822 0.014612
vt 0.341844 0.028269
vt 0.383337 0.050447
vt 0.419706 0.080294
vt 0.449553 0.116663
vt 0.471731 0.158156
vt 0.485388 0.203178
vt 0.490000 0.250000
vt 0.485388 0.296822
vt 0.471731 0.341844
vt 0.449553 0.383337
vt 0.419706 0.419706
vt 0.383337 0.449553
vt 0.341844 0.471731
vt 0.031250 1.000000
vt 0.031250 0.500000
vt 0.000000 1.000000
vt 0.000000 0.500000
vt 0.750000 0.490000
vt 0.796822 0.485388
vt 0.841844 0.471731
vt 0.883337 0.449553
vt 0.919706 0.419706
vt 0.949553 0.383337
vt 0.971731 0.341844
vt 0.985388 0.296822
vt 0.990000 0.250000
vt 0.985388 0.203178
vt 0.971731 0.158156
vt 0.949553 0.116663
vt 0.919706 0.080294
vt 0.883337 0.050447
vt 0.841844 0.028269
vt 0.796822 0.014612
vt 0.750000 0.010000
vt 0.703178 0.014612
vt 0.658156 0.028269
vt 0.616663 0.050447
vt 0.580294 0.080294
vt 0.550447 0.116663
vt 0.528269 0.158156
vt 0.514612 0.203178
vt 0.510000 0.250000
vt 0.514612 0.296822
vt 0.528269 0.341844
vt 0.550447 0.383337
vt 0.580294 0.419706
vt 0.616663 0.449553
vt 0.658156 0.471731
vt 0.703178 0.485388
s 0
f 643/992/212 644/993/212 646/994/212 645/995/212
f 645/995/213 646/994/213 648/996/213 647/997/213
f 647/997/214 648/996/214 650/998/214 649/999/214
f 649/999/215 650/998/215 652/1000/215 651/1001/215
f 651/1001/216 652/1000/216 654/1002/216 653/1003/216
f 653/1003/217 654/1002/217 656/1004/217 655/1005/217
f 655/1005/218 656/1004/218 658/1006/218 657/1007/218
f 657/1007/219 658/1006/219 660/1008/219 659/1009/219
f 659/1009/220 660/1008/220 662/1010/220 661/1011/220
f 661/1011/221 662/1010/221 664/1012/221 663/1013/221
f 663/1013/222 664/1012/222 666/1014/222 665/1015/222
f 665/1015/223 666/1014/223 668/1016/223 667/1017/223
f 667/1017/224 668/1016/224 670/1018/224 669/1019/224
f 669/1019/225 670/1018/225 672/1020/225 671/1021/225
f 671/1021/226 672/1020/226 674/1022/226 673/1023/226
f 673/1023/227 674/1022/227 676/1024/227 675/1025/227
f 675/1025/228 676/1024/228 678/1026/228 677/1027/228
f 677/1027/229 678/1026/229 680/1028/229 679/1029/229
f 679/1029/230 680/1028/230 682/1030/230 681/1031/230
f 681/1031/231 682/1030/231 684/1032/231 683/1033/231
f 683/1033/232 684/1032/232 686/1034/232 685/1035/232
f 685/1035/233 686/1034/233 688/1036/233 687/1037/233
f 687/1037/234 688/1036/234 690/1038/234 689/1039/234
f 689/1039/235 690/1038/235 692/1040/235 691/1041/235
f 691/1041/236 692/1040/236 694/1042/236 693/1043/236
f 693/1043/237 694/1042/237 696/1044/237 695/1045/237
f 695/1045/238 696/1044/238 698/1046/238 697/1047/238
f 697/1047/239 698/1046/239 700/1048/239 699/1049/239
f 699/1049/240 700/1048/240 702/1050/240 701/1051/240
f 701/1051/241 702/1050/241 704/1052/241 703/1053/241
f 646/1054/242 644/1055/242 706/1056/242 704/1057/242 702/1058/242 700/1059/242 698/1060/242 696/1061/242 694/1062/242 692/1063/242 690/1064/242 688/1065/242 686/1066/242 684/1067/242 682/1068/242 680/1069/242 678/1070/242 676/1071/242 674/1072/242 672/1073/242 670/1074/242 668/1075/242 666/1076/242 664/1077/242 662/1078/242 660/1079/242 658/1080/242 656/1081/242 654/1082/242 652/1083/242 650/1084/242 648/1085/242
f 703/1053/243 704/1052/243 706/1086/243 705/1087/243
f 705/1087/244 706/1086/244 644/1088/244 643/1089/244
f 643/1090/245 645/1091/245 647/1092/245 649/1093/245 651/1094/245 653/1095/245 655/1096/245 657/1097/245 659/1098/245 661/1099/245 663/1100/245 665/1101/245 667/1102/245 669/1103/245 671/1104/245 673/1105/245 675/1106/245 677/1107/245 679/1108/245 681/1109/245 683/1110/245 685/1111/245 687/1112/245 689/1113/245 691/1114/245 693/1115/245 695/1116/245 697/1117/245 699/1118/245 701/1119/245 703/1120/245 705/1121/245
o 立方体.003
v 0.897376 0.528558 0.828293
v 0.512871 0.528558 0.828293
v 0.897376 0.889262 0.828293
v 0.512871 0.889262 0.828293
v 0.897376 0.528558 0.752562
v 0.512871 0.528558 0.752562
v 0.512871 0.889262 0.752562
v 0.897376 0.889262 0.752562
vn -0.0000 -1.0000 -0.0000
vn -1.0000 -0.0000 -0.0000
vn -0.0000 1.0000 -0.0000
vn 1.0000 -0.0000 -0.0000
vn -0.0000 -0.0000 1.0000
vn -0.0000 -0.0000 -1.0000
vt 0.420396 0.000000
vt 0.625000 0.000000
vt 0.625000 0.250000
vt 0.420396 0.250000
vt 0.625000 0.500000
vt 0.420396 0.500000
vt 0.625000 0.750000
vt 0.420396 0.750000
vt 0.625000 1.000000
vt 0.420396 1.000000
vt 0.875000 0.500000
vt 0.875000 0.750000
vt 0.139622 0.115705
vt 0.139622 0.377531
vt 0.361570 0.377531
vt 0.361570 0.115705
s 0
usemtl jaw_crusher_mat
f 711/1122/246 707/1123/246 708/1124/246 712/1125/246
f 712/1125/247 708/1124/247 710/1126/247 713/1127/247
f 713/1127/248 710/1126/248 709/1128/248 714/1129/248
f 714/1129/249 709/1128/249 707/1130/249 711/1131/249
f 710/1126/250 708/1132/250 707/1133/250 709/1128/250
f 712/1134/251 713/1135/251 714/1136/251 711/1137/251
o 立方体.004
v 0.665901 0.679366 0.907317
v 0.665901 0.755366 0.907317
v 0.741367 0.679366 0.907317
v 0.741367 0.755366 0.907317
v 0.665901 0.755366 -0.905689
v 0.665901 0.679366 -0.905689
v 0.741367 0.755366 -0.905689
v 0.741367 0.679366 -0.905689
vn -1.0000 -0.0000 -0.0000
vn 1.0000 -0.0000 -0.0000
vn -0.0000 -0.0000 1.0000
vn -0.0000 -1.0000 -0.0000
vn -0.0000 1.0000 -0.0000
vn -0.0000 -0.0000 -1.0000
vt 0.375000 0.000000
vt 0.625000 0.000000
vt 0.625000 0.226626
vt 0.375000 0.226626
vt 0.625000 0.750000
vt 0.375000 0.750000
vt 0.375000 0.523374
vt 0.625000 0.523374
vt 0.625000 1.000000
vt 0.375000 1.000000
vt 0.125000 0.750000
vt 0.125000 0.523374
vt 0.875000 0.523374
vt 0.875000 0.750000
vt 0.540064 0.935573
vt 0.540064 0.916251
vt 0.520910 0.916251
vt 0.520910 0.935573
s 0
usemtl jaw_crusher_mat
f 715/1138/252 716/1139/252 719/1140/252 720/1141/252
f 718/1142/253 717/1143/253 722/1144/253 721/1145/253
f 717/1143/254 718/1142/254 716/1146/254 715/1147/254
f 717/1143/255 715/1148/255 720/1149/255 722/1144/255
f 719/1150/256 716/1151/256 718/1142/256 721/1145/256
f 719/1152/257 721/1153/257 722/1154/257 720/1155/257
o 柱体.001
v 0.704130 0.834571 -0.793912
v 0.727546 0.832265 -0.793912
v 0.750061 0.825435 -0.793912
v 0.770812 0.814343 -0.793912
v 0.789000 0.799417 -0.793912
v 0.803926 0.781229 -0.793912
v 0.815018 0.760478 -0.793912
v 0.821848 0.737963 -0.793912
v 0.824154 0.714547 -0.793912
v 0.821848 0.691132 -0.793912
v 0.815018 0.668616 -0.793912
v 0.803926 0.647866 -0.793912
v 0.789000 0.629678 -0.793912
v 0.770812 0.614751 -0.793912
v 0.750061 0.603660 -0.793912
v 0.727546 0.596830 -0.793912
v 0.704130 0.594524 -0.793912
v 0.680715 0.596830 -0.793912
v 0.658199 0.603660 -0.793912
v 0.637449 0.614751 -0.793912
v 0.619261 0.629678 -0.793912
v 0.604334 0.647866 -0.793912
v 0.593243 0.668616 -0.793912
v 0.586413 0.691132 -0.793912
v 0.584107 0.714547 -0.793912
v 0.586413 0.737963 -0.793912
v 0.593243 0.760478 -0.793912
v 0.604334 0.781229 -0.793912
v 0.619261 0.799417 -0.793912
v 0.637449 0.814343 -0.793912
v 0.658199 0.825435 -0.793912
v 0.680715 0.832265 -0.793912
v 0.704130 0.834571 -0.729685
v 0.727546 0.832265 -0.729685
v 0.750061 0.825435 -0.729685
v 0.770812 0.814343 -0.729685
v 0.789000 0.799417 -0.729685
v 0.803926 0.781229 -0.729685
v 0.815018 0.760478 -0.729685
v 0.821848 0.737963 -0.729685
v 0.824154 0.714547 -0.729685
v 0.821848 0.691132 -0.729685
v 0.815018 0.668616 -0.729685
v 0.803926 0.647866 -0.729685
v 0.789000 0.629678 -0.729685
v 0.770812 0.614751 -0.729685
v 0.750061 0.603660 -0.729685
v 0.727546 0.596830 -0.729685
v 0.704130 0.594524 -0.729685
v 0.680715 0.596830 -0.729685
v 0.658199 0.603660 -0.729685
v 0.637449 0.614751 -0.729685
v 0.619261 0.629678 -0.729685
v 0.604334 0.647866 -0.729685
v 0.593243 0.668616 -0.729685
v 0.586413 0.691132 -0.729685
v 0.584107 0.714547 -0.729685
v 0.586413 0.737963 -0.729685
v 0.593243 0.760478 -0.729685
v 0.604334 0.781229 -0.729685
v 0.619261 0.799417 -0.729685
v 0.637449 0.814343 -0.729685
v 0.658199 0.825435 -0.729685
v 0.680715 0.832265 -0.729685
v 0.741367 0.755366 -0.793912
v 0.741367 0.679366 -0.793912
v 0.665901 0.679366 -0.793912
v 0.665901 0.755366 -0.793912
v 0.665901 0.679366 -0.729685
v 0.665901 0.755366 -0.729685
v 0.704130 0.755366 -0.729685
v 0.704130 0.679366 -0.729685
v 0.741367 0.679366 -0.729685
v 0.741367 0.755366 -0.729685
vn 0.0980 0.9952 -0.0000
vn 0.2903 0.9569 -0.0000
vn 0.4714 0.8819 -0.0000
vn 0.6344 0.7730 -0.0000
vn 0.7730 0.6344 -0.0000
vn 0.8819 0.4714 -0.0000
vn 0.9569 0.2903 -0.0000
vn 0.9952 0.0980 -0.0000
vn 0.9952 -0.0980 -0.0000
vn 0.9569 -0.2903 -0.0000
vn 0.8819 -0.4714 -0.0000
vn 0.7730 -0.6344 -0.0000
vn 0.6344 -0.7730 -0.0000
vn 0.4714 -0.8819 -0.0000
vn 0.2903 -0.9569 -0.0000
vn 0.0980 -0.9952 -0.0000
vn -0.0980 -0.9952 -0.0000
vn -0.2903 -0.9569 -0.0000
vn -0.4714 -0.8819 -0.0000
vn -0.6344 -0.7730 -0.0000
vn -0.7730 -0.6344 -0.0000
vn -0.8819 -0.4714 -0.0000
vn -0.9569 -0.2903 -0.0000
vn -0.9952 -0.0980 -0.0000
vn -0.9952 0.0980 -0.0000
vn -0.9569 0.2903 -0.0000
vn -0.8819 0.4714 -0.0000
vn -0.7730 0.6344 -0.0000
vn -0.6344 0.7730 -0.0000
vn -0.4714 0.8819 -0.0000
vn -0.2903 0.9569 -0.0000
vn -0.0980 0.9952 -0.0000
vn -0.0000 -0.0000 -1.0000
vn -0.0000 -0.0000 1.0000
vn 1.0000 -0.0000 -0.0000
vn -1.0000 -0.0000 -0.0000
vn -0.0000 1.0000 -0.0000
vn -0.0000 -1.0000 -0.0000
vt 0.968750 0.500000
vt 1.000000 0.500000
vt 1.000000 0.837262
vt 0.968750 0.837262
vt 0.937500 0.500000
vt 0.937500 0.837262
vt 0.906250 0.500000
vt 0.906250 0.837262
vt 0.875000 0.500000
vt 0.875000 0.837262
vt 0.843750 0.837262
vt 0.843750 0.500000
vt 0.812500 0.837262
vt 0.812500 0.500000
vt 0.781250 0.837262
vt 0.781250 0.500000
vt 0.750000 0.837262
vt 0.750000 0.500000
vt 0.718750 0.837262
vt 0.718750 0.500000
vt 0.687500 0.837262
vt 0.687500 0.500000
vt 0.656250 0.837262
vt 0.656250 0.500000
vt 0.625000 0.837262
vt 0.625000 0.500000
vt 0.593750 0.837262
vt 0.593750 0.500000
vt 0.562500 0.837262
vt 0.562500 0.500000
vt 0.531250 0.837262
vt 0.531250 0.500000
vt 0.500000 0.837262
vt 0.500000 0.500000
vt 0.468750 0.837262
vt 0.468750 0.500000
vt 0.437500 0.837262
vt 0.437500 0.500000
vt 0.406250 0.837262
vt 0.406250 0.500000
vt 0.375000 0.837262
vt 0.375000 0.500000
vt 0.343750 0.500000
vt 0.343750 0.837262
vt 0.312500 0.500000
vt 0.312500 0.837262
vt 0.281250 0.500000
vt 0.281250 0.837262
vt 0.250000 0.500000
vt 0.250000 0.837262
vt 0.218750 0.500000
vt 0.218750 0.837262
vt 0.187500 0.500000
vt 0.187500 0.837262
vt 0.156250 0.500000
vt 0.156250 0.837262
vt 0.125000 0.500000
vt 0.125000 0.837262
vt 0.093750 0.500000
vt 0.093750 0.837262
vt 0.062500 0.500000
vt 0.062500 0.837262
vt 0.031250 0.500000
vt 0.031250 0.837262
vt 0.000000 0.500000
vt 0.000000 0.837262
vt 0.658156 0.471731
vt 0.703178 0.485388
vt 0.750000 0.490000
vt 0.796822 0.485388
vt 0.841844 0.471731
vt 0.883337 0.449553
vt 0.919706 0.419706
vt 0.949553 0.383337
vt 0.971731 0.341844
vt 0.985388 0.296822
vt 0.990000 0.250000
vt 0.985388 0.203178
vt 0.971731 0.158156
vt 0.949553 0.116663
vt 0.919706 0.080294
vt 0.883337 0.050447
vt 0.841844 0.028269
vt 0.796822 0.014612
vt 0.750000 0.010000
vt 0.703178 0.014612
vt 0.658156 0.028269
vt 0.616663 0.050447
vt 0.580294 0.080294
vt 0.550447 0.116663
vt 0.528269 0.158156
vt 0.673556 0.179651
vt 0.824459 0.179651
vt 0.824459 0.331621
vt 0.673556 0.331621
vt 0.514612 0.203178
vt 0.510000 0.250000
vt 0.514612 0.296822
vt 0.528269 0.341844
vt 0.550447 0.383337
vt 0.580294 0.419706
vt 0.616663 0.449553
vt 0.722739 0.314841
vt 0.710289 0.308187
vt 0.699376 0.299231
vt 0.690420 0.288318
vt 0.683766 0.275868
vt 0.679667 0.262358
vt 0.678284 0.248309
vt 0.679667 0.234260
vt 0.683766 0.220750
vt 0.690420 0.208300
vt 0.699376 0.197387
vt 0.710289 0.188431
vt 0.722739 0.181776
vt 0.736249 0.177678
vt 0.750298 0.176295
vt 0.750298 0.227200
vt 0.727360 0.227200
vt 0.727360 0.272800
vt 0.750298 0.272800
vt 0.750298 0.320323
vt 0.736249 0.318939
vt 0.777857 0.181776
vt 0.790307 0.188431
vt 0.801220 0.197387
vt 0.810175 0.208300
vt 0.816830 0.220750
vt 0.820928 0.234260
vt 0.822312 0.248309
vt 0.820928 0.262358
vt 0.816830 0.275867
vt 0.810175 0.288318
vt 0.801220 0.299231
vt 0.790307 0.308186
vt 0.777857 0.314841
vt 0.764347 0.318939
vt 0.772640 0.272800
vt 0.772640 0.227200
vt 0.764347 0.177678
vt 0.375000 0.204625
vt 0.375000 0.212653
vt 0.625000 0.212653
vt 0.625000 0.204625
vt 0.625000 0.537346
vt 0.375000 0.537347
vt 0.375000 0.545375
vt 0.625000 0.545375
vt 0.125000 0.537347
vt 0.125000 0.545375
vt 0.251645 0.545375
vt 0.875000 0.545375
vt 0.875000 0.537347
vt 0.748355 0.545375
s 0
usemtl jaw_crusher_mat
f 724/1156/258 723/1157/258 755/1158/258 756/1159/258
f 725/1160/259 724/1156/259 756/1159/259 757/1161/259
f 726/1162/260 725/1160/260 757/1161/260 758/1163/260
f 727/1164/261 726/1162/261 758/1163/261 759/1165/261
f 760/1166/262 728/1167/262 727/1164/262 759/1165/262
f 761/1168/263 729/1169/263 728/1167/263 760/1166/263
f 762/1170/264 730/1171/264 729/1169/264 761/1168/264
f 763/1172/265 731/1173/265 730/1171/265 762/1170/265
f 764/1174/266 732/1175/266 731/1173/266 763/1172/266
f 765/1176/267 733/1177/267 732/1175/267 764/1174/267
f 766/1178/268 734/1179/268 733/1177/268 765/1176/268
f 767/1180/269 735/1181/269 734/1179/269 766/1178/269
f 768/1182/270 736/1183/270 735/1181/270 767/1180/270
f 769/1184/271 737/1185/271 736/1183/271 768/1182/271
f 770/1186/272 738/1187/272 737/1185/272 769/1184/272
f 771/1188/273 739/1189/273 738/1187/273 770/1186/273
f 772/1190/274 740/1191/274 739/1189/274 771/1188/274
f 773/1192/275 741/1193/275 740/1191/275 772/1190/275
f 774/1194/276 742/1195/276 741/1193/276 773/1192/276
f 775/1196/277 743/1197/277 742/1195/277 774/1194/277
f 744/1198/278 743/1197/278 775/1196/278 776/1199/278
f 745/1200/279 744/1198/279 776/1199/279 777/1201/279
f 746/1202/280 745/1200/280 777/1201/280 778/1203/280
f 747/1204/281 746/1202/281 778/1203/281 779/1205/281
f 748/1206/282 747/1204/282 779/1205/282 780/1207/282
f 749/1208/283 748/1206/283 780/1207/283 781/1209/283
f 750/1210/284 749/1208/284 781/1209/284 782/1211/284
f 751/1212/285 750/1210/285 782/1211/285 783/1213/285
f 752/1214/286 751/1212/286 783/1213/286 784/1215/286
f 753/1216/287 752/1214/287 784/1215/287 785/1217/287
f 754/1218/288 753/1216/288 785/1217/288 786/1219/288
f 723/1220/289 754/1218/289 786/1219/289 755/1221/289
f 753/1222/290 754/1223/290 723/1224/290 724/1225/290 725/1226/290 726/1227/290 727/1228/290 728/1229/290 729/1230/290 730/1231/290 731/1232/290 732/1233/290 733/1234/290 734/1235/290 735/1236/290 736/1237/290 737/1238/290 738/1239/290 739/1240/290 740/1241/290 741/1242/290 742/1243/290 743/1244/290 744/1245/290 745/1246/290 789/1247/290 788/1248/290 787/1249/290 790/1250/290
f 789/1247/290 745/1246/290 746/1251/290 747/1252/290 748/1253/290 749/1254/290 750/1255/290 751/1256/290 752/1257/290 753/1222/290 790/1250/290
f 785/1258/291 784/1259/291 783/1260/291 782/1261/291 781/1262/291 780/1263/291 779/1264/291 778/1265/291 777/1266/291 776/1267/291 775/1268/291 774/1269/291 773/1270/291 772/1271/291 771/1272/291 794/1273/291 791/1274/291 792/1275/291 793/1276/291 755/1277/291 786/1278/291
f 769/1279/291 768/1280/291 767/1281/291 766/1282/291 765/1283/291 764/1284/291 763/1285/291 762/1286/291 761/1287/291 760/1288/291 759/1289/291 758/1290/291 757/1291/291 756/1292/291 755/1277/291 793/1276/291 796/1293/291 795/1294/291 794/1273/291 771/1272/291 770/1295/291
f 791/1296/292 789/1297/292 790/1298/292 792/1299/292
f 787/1300/293 788/1301/293 795/1302/293 796/1303/293
f 788/1301/294 789/1304/294 791/1305/294 794/1306/294 795/1302/294
f 792/1307/295 790/1308/295 787/1300/295 796/1303/295 793/1309/295
o 立方体.005
v 0.220823 1.187778 -0.461437
v 0.220823 0.245320 -0.461437
v 0.220823 1.187778 -0.658831
v 0.220823 0.245320 -0.658831
v 1.197232 1.187778 -0.461437
v 1.197232 0.245320 -0.461437
v 1.197232 1.187778 -0.658831
v 1.197232 0.245320 -0.658831
v 0.303634 0.717366 -0.658831
v 0.311320 0.795402 -0.658831
v 0.311320 0.639330 -0.658831
v 0.371046 0.939594 -0.658831
v 0.371046 0.495138 -0.658831
v 0.334082 0.870439 -0.658831
v 0.334082 0.564292 -0.658831
v 0.420791 0.434523 -0.658831
v 0.481406 0.384778 -0.658831
v 0.703634 0.317366 -0.658831
v 0.625598 0.325052 -0.658831
v 0.550560 0.347814 -0.658831
v 0.856707 0.347814 -0.658831
v 0.986477 0.434523 -0.658831
v 0.925862 0.384778 -0.658831
v 0.781670 0.325052 -0.658831
v 0.420791 1.000208 -0.658831
v 0.550560 1.086918 -0.658831
v 0.481406 1.049953 -0.658831
v 0.703634 1.117366 -0.658831
v 0.856707 1.086918 -0.658831
v 0.781670 1.109680 -0.658831
v 0.625598 1.109680 -0.658831
v 0.986477 1.000208 -0.658831
v 1.036222 0.939594 -0.658831
v 1.036222 0.495138 -0.658831
v 1.103634 0.717366 -0.658831
v 1.095948 0.795402 -0.658831
v 1.095948 0.639330 -0.658831
v 1.073186 0.564292 -0.658831
v 1.073186 0.870439 -0.658831
v 0.925862 1.049953 -0.658831
v 0.420791 0.434523 -0.461437
v 0.550560 0.347814 -0.461437
v 0.481406 0.384778 -0.461437
v 0.625598 0.325052 -0.461437
v 0.703634 0.317366 -0.461437
v 0.925862 0.384778 -0.461437
v 0.856707 0.347814 -0.461437
v 0.781670 0.325052 -0.461437
v 1.036222 0.939594 -0.461437
v 1.036222 0.495138 -0.461437
v 1.103634 0.717366 -0.461437
v 1.095948 0.795402 -0.461437
v 1.095948 0.639330 -0.461437
v 1.073186 0.564292 -0.461437
v 1.073186 0.870439 -0.461437
v 0.986477 0.434523 -0.461437
v 0.303634 0.717366 -0.461437
v 0.311320 0.795402 -0.461437
v 0.311320 0.639330 -0.461437
v 0.371046 0.939594 -0.461437
v 0.371046 0.495138 -0.461437
v 0.334082 0.870439 -0.461437
v 0.334082 0.564292 -0.461437
v 0.481406 1.049953 -0.461437
v 0.625598 1.109680 -0.461437
v 0.550560 1.086918 -0.461437
v 0.856707 1.086918 -0.461437
v 0.781670 1.109680 -0.461437
v 0.986477 1.000208 -0.461437
v 0.925862 1.049953 -0.461437
v 0.703634 1.117366 -0.461437
v 0.420791 1.000208 -0.461437
vn -1.0000 -0.0000 -0.0000
vn -0.0000 -0.0000 -1.0000
vn 1.0000 -0.0000 -0.0000
vn -0.0000 -0.0000 1.0000
vn -0.0000 1.0000 -0.0000
vn -0.0000 -1.0000 -0.0000
vn -0.0980 -0.9952 -0.0000
vn -0.2903 -0.9569 -0.0000
vn -0.4714 -0.8819 -0.0000
vn -0.6344 -0.7730 -0.0000
vn -0.7730 -0.6344 -0.0000
vn -0.8819 -0.4714 -0.0000
vn -0.9569 -0.2903 -0.0000
vn -0.9952 -0.0980 -0.0000
vn -0.9952 0.0980 -0.0000
vn -0.9569 0.2903 -0.0000
vn -0.8819 0.4714 -0.0000
vn -0.7730 0.6344 -0.0000
vn -0.6344 0.7730 -0.0000
vn -0.4714 0.8819 -0.0000
vn -0.2903 0.9569 -0.0000
vn -0.0980 0.9952 -0.0000
vn 0.0980 0.9952 -0.0000
vn 0.2903 0.9569 -0.0000
vn 0.4714 0.8819 -0.0000
vn 0.6344 0.7730 -0.0000
vn 0.7730 0.6344 -0.0000
vn 0.8819 0.4714 -0.0000
vn 0.9569 0.2903 -0.0000
vn 0.9952 0.0980 -0.0000
vn 0.9952 -0.0980 -0.0000
vn 0.9569 -0.2903 -0.0000
vn 0.8819 -0.4714 -0.0000
vn 0.7730 -0.6344 -0.0000
vn 0.6344 -0.7730 -0.0000
vn 0.4714 -0.8819 -0.0000
vn 0.2903 -0.9569 -0.0000
vn 0.0980 -0.9952 -0.0000
vt 0.375000 0.000000
vt 0.625000 0.000000
vt 0.625000 0.250000
vt 0.375000 0.250000
vt 0.625000 0.500000
vt 0.375000 0.500000
vt 0.424755 0.301200
vt 0.411560 0.316720
vt 0.401755 0.334426
vt 0.395717 0.353639
vt 0.393678 0.373619
vt 0.395717 0.393599
vt 0.401755 0.412812
vt 0.411560 0.430518
vt 0.424755 0.446038
vt 0.440834 0.458775
vt 0.459178 0.468239
vt 0.479083 0.474067
vt 0.499783 0.476035
vt 0.520483 0.474067
vt 0.540388 0.468239
vt 0.558732 0.458775
vt 0.574811 0.446038
vt 0.588007 0.430518
vt 0.597812 0.412812
vt 0.603850 0.393599
vt 0.605889 0.373619
vt 0.603850 0.353639
vt 0.597812 0.334426
vt 0.588007 0.316720
vt 0.574811 0.301200
vt 0.558732 0.288463
vt 0.540388 0.278999
vt 0.520483 0.273171
vt 0.499783 0.271203
vt 0.479083 0.273171
vt 0.459178 0.278999
vt 0.440834 0.288463
vt 0.625000 0.750000
vt 0.375000 0.750000
vt 0.625000 1.000000
vt 0.375000 1.000000
vt 0.424755 0.948800
vt 0.440834 0.961537
vt 0.459178 0.971001
vt 0.479083 0.976829
vt 0.499783 0.978797
vt 0.520483 0.976829
vt 0.540388 0.971001
vt 0.558732 0.961537
vt 0.574811 0.948800
vt 0.588007 0.933280
vt 0.597812 0.915574
vt 0.603850 0.896361
vt 0.605889 0.876381
vt 0.603850 0.856401
vt 0.597812 0.837188
vt 0.588007 0.819482
vt 0.574811 0.803962
vt 0.558732 0.791225
vt 0.540388 0.781761
vt 0.520483 0.775933
vt 0.499783 0.773965
vt 0.479083 0.775933
vt 0.459178 0.781761
vt 0.440834 0.791225
vt 0.424755 0.803962
vt 0.411560 0.819482
vt 0.401755 0.837188
vt 0.395717 0.856401
vt 0.393678 0.876381
vt 0.395717 0.896361
vt 0.401754 0.915574
vt 0.411560 0.933280
vt 0.125000 0.500000
vt 0.125000 0.750000
vt 0.875000 0.500000
vt 0.875000 0.750000
vt 0.968750 0.590244
vt 0.968750 0.523557
vt 1.000000 0.523557
vt 1.000000 0.590244
vt 0.937500 0.590244
vt 0.937500 0.523557
vt 0.906250 0.590244
vt 0.906250 0.523557
vt 0.875000 0.590244
vt 0.875000 0.523557
vt 0.843750 0.590244
vt 0.843750 0.523557
vt 0.812500 0.590244
vt 0.812500 0.523557
vt 0.781250 0.590244
vt 0.781250 0.523557
vt 0.750000 0.590244
vt 0.750000 0.523557
vt 0.718750 0.590244
vt 0.718750 0.523557
vt 0.687500 0.590244
vt 0.687500 0.523557
vt 0.656250 0.590244
vt 0.656250 0.523557
vt 0.625000 0.590244
vt 0.625000 0.523557
vt 0.593750 0.523557
vt 0.593750 0.590244
vt 0.562500 0.523557
vt 0.562500 0.590244
vt 0.531250 0.523557
vt 0.531250 0.590244
vt 0.500000 0.523557
vt 0.500000 0.590244
vt 0.468750 0.523557
vt 0.468750 0.590244
vt 0.437500 0.523557
vt 0.437500 0.590244
vt 0.406250 0.523557
vt 0.406250 0.590244
vt 0.375000 0.523557
vt 0.375000 0.590244
vt 0.343750 0.523557
vt 0.343750 0.590244
vt 0.312500 0.523557
vt 0.312500 0.590244
vt 0.281250 0.523557
vt 0.281250 0.590244
vt 0.250000 0.523557
vt 0.250000 0.590244
vt 0.218750 0.523557
vt 0.218750 0.590244
vt 0.187500 0.523557
vt 0.187500 0.590244
vt 0.156250 0.523557
vt 0.156250 0.590244
vt 0.125000 0.523557
vt 0.125000 0.590244
vt 0.093750 0.590244
vt 0.093750 0.523557
vt 0.062500 0.590244
vt 0.062500 0.523557
vt 0.031250 0.590244
vt 0.031250 0.523557
vt 0.000000 0.590244
vt 0.000000 0.523557
s 0
usemtl jaw_crusher_mat
f 797/1310/296 799/1313/296 800/1312/296 798/1311/296
f 800/1312/297 812/1340/297 813/1339/297 816/1338/297 815/1337/297 814/1336/297 820/1335/297 817/1334/297 819/1333/297 818/1332/297 830/1331/297 834/1330/297 833/1329/297 831/1328/297 832/1327/297 835/1326/297 829/1325/297 828/1324/297 836/1323/297 825/1322/297 826/1321/297 824/1320/297 827/1319/297 822/1318/297 823/1317/297 821/1316/297 799/1313/297 803/1315/297 804/1314/297
f 821/1316/297 808/1347/297 810/1346/297 806/1345/297 805/1344/297 807/1343/297 811/1342/297 809/1341/297 812/1340/297 800/1312/297 799/1313/297
f 803/1315/298 801/1349/298 802/1348/298 804/1314/298
f 798/1350/299 837/1360/299 857/1359/299 859/1358/299 855/1357/299 853/1356/299 854/1355/299 858/1354/299 856/1353/299 868/1352/299 797/1351/299
f 868/1352/299 860/1383/299 862/1382/299 861/1381/299 867/1380/299 864/1379/299 863/1378/299 866/1377/299 865/1376/299 845/1375/299 851/1374/299 848/1373/299 847/1372/299 849/1371/299 850/1370/299 846/1369/299 852/1368/299 842/1367/299 843/1366/299 844/1365/299 841/1364/299 840/1363/299 838/1362/299 839/1361/299 837/1360/299 798/1350/299 802/1348/299 801/1349/299 797/1351/299
f 799/1384/300 797/1385/300 801/1349/300 803/1315/300
f 804/1314/301 802/1348/301 798/1387/301 800/1386/301
f 864/1388/302 867/1391/302 824/1390/302 826/1389/302
f 863/1392/303 864/1388/303 826/1389/303 825/1393/303
f 866/1394/304 863/1392/304 825/1393/304 836/1395/304
f 865/1396/305 866/1394/305 836/1395/305 828/1397/305
f 845/1398/306 865/1396/306 828/1397/306 829/1399/306
f 851/1400/307 845/1398/307 829/1399/307 835/1401/307
f 848/1402/308 851/1400/308 835/1401/308 832/1403/308
f 847/1404/309 848/1402/309 832/1403/309 831/1405/309
f 849/1406/310 847/1404/310 831/1405/310 833/1407/310
f 850/1408/311 849/1406/311 833/1407/311 834/1409/311
f 846/1410/312 850/1408/312 834/1409/312 830/1411/312
f 852/1412/313 846/1410/313 830/1411/313 818/1413/313
f 819/1414/314 842/1415/314 852/1412/314 818/1413/314
f 817/1416/315 843/1417/315 842/1415/315 819/1414/315
f 820/1418/316 844/1419/316 843/1417/316 817/1416/316
f 814/1420/317 841/1421/317 844/1419/317 820/1418/317
f 815/1422/318 840/1423/318 841/1421/318 814/1420/318
f 816/1424/319 838/1425/319 840/1423/319 815/1422/319
f 813/1426/320 839/1427/320 838/1425/320 816/1424/320
f 812/1428/321 837/1429/321 839/1427/321 813/1426/321
f 809/1430/322 857/1431/322 837/1429/322 812/1428/322
f 811/1432/323 859/1433/323 857/1431/323 809/1430/323
f 807/1434/324 855/1435/324 859/1433/324 811/1432/324
f 805/1436/325 853/1437/325 855/1435/325 807/1434/325
f 806/1438/326 854/1439/326 853/1437/326 805/1436/326
f 810/1440/327 858/1441/327 854/1439/327 806/1438/327
f 808/1442/328 856/1443/328 858/1441/328 810/1440/328
f 821/1444/329 868/1445/329 856/1443/329 808/1442/329
f 860/1446/330 868/1445/330 821/1444/330 823/1447/330
f 862/1448/331 860/1446/331 823/1447/331 822/1449/331
f 861/1450/332 862/1448/332 822/1449/332 827/1451/332
f 867/1452/333 861/1450/333 827/1451/333 824/1453/333
o 立方体.002
v 0.220823 1.187778 0.704353
v 0.220823 0.245320 0.704353
v 0.220823 1.187778 0.506959
v 0.220823 0.245320 0.506959
v 1.197232 1.187778 0.704353
v 1.197232 0.245320 0.704353
v 1.197232 1.187778 0.506959
v 1.197232 0.245320 0.506959
v 0.303634 0.717366 0.506959
v 0.311320 0.639330 0.506959
v 0.311320 0.795402 0.506959
v 0.371046 0.939594 0.506959
v 0.371046 0.495138 0.506959
v 0.334082 0.870439 0.506959
v 0.334082 0.564292 0.506959
v 0.481406 0.384778 0.506959
v 0.625598 0.325052 0.506959
v 0.550560 0.347814 0.506959
v 0.856707 0.347814 0.506959
v 0.781670 0.325052 0.506959
v 0.986477 0.434523 0.506959
v 0.925862 0.384778 0.506959
v 0.703634 0.317366 0.506959
v 0.420791 0.434523 0.506959
v 0.420791 1.000208 0.506959
v 0.550560 1.086918 0.506959
v 0.625598 1.109680 0.506959
v 0.481406 1.049953 0.506959
v 0.703634 1.117366 0.506959
v 0.925862 1.049953 0.506959
v 0.856707 1.086918 0.506959
v 0.781670 1.109680 0.506959
v 1.036222 0.939594 0.506959
v 1.036222 0.495138 0.506959
v 1.103634 0.717366 0.506959
v 1.095948 0.795402 0.506959
v 1.095948 0.639330 0.506959
v 1.073186 0.564292 0.506959
v 0.986477 1.000208 0.506959
v 1.073186 0.870439 0.506959
v 0.420791 0.434523 0.704353
v 0.550560 0.347814 0.704353
v 0.481406 0.384778 0.704353
v 0.703634 0.317366 0.704353
v 0.856707 0.347814 0.704353
v 0.781670 0.325052 0.704353
v 0.625598 0.325052 0.704353
v 0.986477 0.434523 0.704353
v 1.036222 0.939594 0.704353
v 1.036222 0.495138 0.704353
v 1.103634 0.717366 0.704353
v 1.095948 0.795402 0.704353
v 1.095948 0.639330 0.704353
v 1.073186 0.564292 0.704353
v 1.073186 0.870439 0.704353
v 0.925862 0.384778 0.704353
v 0.303634 0.717366 0.704353
v 0.311320 0.639330 0.704353
v 0.311320 0.795402 0.704353
v 0.371046 0.939594 0.704353
v 0.371046 0.495138 0.704353
v 0.420791 1.000208 0.704353
v 0.334082 0.870439 0.704353
v 0.334082 0.564292 0.704353
v 0.481406 1.049953 0.704353
v 0.703634 1.117366 0.704353
v 0.625598 1.109680 0.704353
v 0.550560 1.086918 0.704353
v 0.856707 1.086918 0.704353
v 0.986477 1.000208 0.704353
v 0.781670 1.109680 0.704353
v 0.925862 1.049953 0.704353
vn -1.0000 -0.0000 -0.0000
vn -0.0000 -0.0000 -1.0000
vn 1.0000 -0.0000 -0.0000
vn -0.0000 -0.0000 1.0000
vn -0.0000 1.0000 -0.0000
vn -0.0000 -1.0000 -0.0000
vn -0.0980 -0.9952 -0.0000
vn -0.2903 -0.9569 -0.0000
vn -0.4714 -0.8819 -0.0000
vn -0.6344 -0.7730 -0.0000
vn -0.7730 -0.6344 -0.0000
vn -0.8819 -0.4714 -0.0000
vn -0.9569 -0.2903 -0.0000
vn -0.9952 -0.0980 -0.0000
vn -0.9952 0.0980 -0.0000
vn -0.9569 0.2903 -0.0000
vn -0.8819 0.4714 -0.0000
vn -0.7730 0.6344 -0.0000
vn -0.6344 0.7730 -0.0000
vn -0.4714 0.8819 -0.0000
vn -0.2903 0.9569 -0.0000
vn -0.0980 0.9952 -0.0000
vn 0.0980 0.9952 -0.0000
vn 0.2903 0.9569 -0.0000
vn 0.4714 0.8819 -0.0000
vn 0.6344 0.7730 -0.0000
vn 0.7730 0.6344 -0.0000
vn 0.8819 0.4714 -0.0000
vn 0.9569 0.2903 -0.0000
vn 0.9952 0.0980 -0.0000
vn 0.9952 -0.0980 -0.0000
vn 0.9569 -0.2903 -0.0000
vn 0.8819 -0.4714 -0.0000
vn 0.7730 -0.6344 -0.0000
vn 0.6344 -0.7730 -0.0000
vn 0.4714 -0.8819 -0.0000
vn 0.2903 -0.9569 -0.0000
vn 0.0980 -0.9952 -0.0000
vt 0.375000 0.000000
vt 0.625000 0.000000
vt 0.625000 0.250000
vt 0.375000 0.250000
vt 0.574811 0.301200
vt 0.625000 0.500000
vt 0.375000 0.500000
vt 0.424755 0.301200
vt 0.411560 0.316720
vt 0.401755 0.334426
vt 0.395717 0.353639
vt 0.393678 0.373619
vt 0.395717 0.393599
vt 0.401755 0.412812
vt 0.411560 0.430518
vt 0.424755 0.446038
vt 0.440834 0.458775
vt 0.459178 0.468239
vt 0.479083 0.474067
vt 0.499783 0.476035
vt 0.520483 0.474067
vt 0.540388 0.468239
vt 0.558732 0.458775
vt 0.574811 0.446038
vt 0.588007 0.430518
vt 0.597812 0.412812
vt 0.603850 0.393599
vt 0.605889 0.373619
vt 0.603850 0.353639
vt 0.597812 0.334426
vt 0.588007 0.316720
vt 0.558732 0.288463
vt 0.540388 0.278999
vt 0.520483 0.273171
vt 0.499783 0.271203
vt 0.479083 0.273171
vt 0.459178 0.278999
vt 0.440834 0.288463
vt 0.625000 0.750000
vt 0.375000 0.750000
vt 0.574811 0.948800
vt 0.625000 1.000000
vt 0.375000 1.000000
vt 0.424755 0.948800
vt 0.440834 0.961537
vt 0.459178 0.971001
vt 0.479083 0.976829
vt 0.499783 0.978797
vt 0.520483 0.976829
vt 0.540388 0.971001
vt 0.558732 0.961537
vt 0.588007 0.933280
vt 0.597812 0.915574
vt 0.603850 0.896361
vt 0.605889 0.876381
vt 0.603850 0.856401
vt 0.597812 0.837188
vt 0.588007 0.819482
vt 0.574811 0.803962
vt 0.558732 0.791225
vt 0.540388 0.781761
vt 0.520483 0.775933
vt 0.499783 0.773965
vt 0.479083 0.775933
vt 0.459178 0.781761
vt 0.440834 0.791225
vt 0.424755 0.803962
vt 0.411560 0.819482
vt 0.401755 0.837188
vt 0.395717 0.856401
vt 0.393678 0.876381
vt 0.395717 0.896361
vt 0.401754 0.915574
vt 0.411560 0.933280
vt 0.125000 0.500000
vt 0.125000 0.750000
vt 0.875000 0.500000
vt 0.875000 0.750000
vt 0.968750 0.984092
vt 0.968750 0.917405
vt 1.000000 0.917405
vt 1.000000 0.984092
vt 0.937500 0.984092
vt 0.937500 0.917405
vt 0.906250 0.984092
vt 0.906250 0.917405
vt 0.875000 0.984092
vt 0.875000 0.917405
vt 0.843750 0.984092
vt 0.843750 0.917405
vt 0.812500 0.984092
vt 0.812500 0.917405
vt 0.781250 0.984092
vt 0.781250 0.917405
vt 0.750000 0.984092
vt 0.750000 0.917405
vt 0.718750 0.984092
vt 0.718750 0.917405
vt 0.687500 0.984092
vt 0.687500 0.917405
vt 0.656250 0.984092
vt 0.656250 0.917405
vt 0.625000 0.984092
vt 0.625000 0.917405
vt 0.593750 0.917405
vt 0.593750 0.984092
vt 0.562500 0.917405
vt 0.562500 0.984092
vt 0.531250 0.917405
vt 0.531250 0.984092
vt 0.500000 0.917405
vt 0.500000 0.984092
vt 0.468750 0.917405
vt 0.468750 0.984092
vt 0.437500 0.917405
vt 0.437500 0.984092
vt 0.406250 0.917405
vt 0.406250 0.984092
vt 0.375000 0.917405
vt 0.375000 0.984092
vt 0.343750 0.917405
vt 0.343750 0.984092
vt 0.312500 0.917405
vt 0.312500 0.984092
vt 0.281250 0.917405
vt 0.281250 0.984092
vt 0.250000 0.917405
vt 0.250000 0.984092
vt 0.218750 0.917405
vt 0.218750 0.984092
vt 0.187500 0.917405
vt 0.187500 0.984092
vt 0.156250 0.917405
vt 0.156250 0.984092
vt 0.125000 0.917405
vt 0.125000 0.984092
vt 0.093750 0.984092
vt 0.093750 0.917405
vt 0.062500 0.984092
vt 0.062500 0.917405
vt 0.031250 0.984092
vt 0.031250 0.917405
vt 0.000000 0.984092
vt 0.000000 0.917405
s 0
usemtl jaw_crusher_mat
f 869/1454/334 871/1457/334 872/1456/334 870/1455/334
f 892/1458/335 884/1484/335 886/1483/335 885/1482/335 891/1481/335 888/1480/335 887/1479/335 890/1478/335 889/1477/335 902/1476/335 906/1475/335 905/1474/335 903/1473/335 904/1472/335 908/1471/335 901/1470/335 907/1469/335 898/1468/335 899/1467/335 900/1466/335 897/1465/335 895/1464/335 894/1463/335 896/1462/335 893/1461/335 871/1457/335 875/1460/335 876/1459/335 872/1456/335
f 893/1461/335 880/1491/335 882/1490/335 879/1489/335 877/1488/335 878/1487/335 883/1486/335 881/1485/335 892/1458/335 872/1456/335 871/1457/335
f 875/1460/336 873/1493/336 874/1492/336 876/1459/336
f 909/1494/337 929/1504/337 932/1503/337 926/1502/337 925/1501/337 927/1500/337 931/1499/337 928/1498/337 930/1497/337 869/1496/337 870/1495/337
f 930/1497/337 933/1527/337 936/1526/337 935/1525/337 934/1524/337 939/1523/337 937/1522/337 940/1521/337 938/1520/337 917/1519/337 923/1518/337 920/1517/337 919/1516/337 921/1515/337 922/1514/337 918/1513/337 916/1512/337 924/1511/337 913/1510/337 914/1509/337 912/1508/337 915/1507/337 910/1506/337 911/1505/337 909/1494/337 870/1495/337 874/1492/337 873/1493/337 869/1496/337
f 871/1528/338 869/1529/338 873/1493/338 875/1460/338
f 876/1459/339 874/1492/339 870/1531/339 872/1530/339
f 939/1532/340 934/1535/340 897/1534/340 900/1533/340
f 937/1536/341 939/1532/341 900/1533/341 899/1537/341
f 940/1538/342 937/1536/342 899/1537/342 898/1539/342
f 938/1540/343 940/1538/343 898/1539/343 907/1541/343
f 917/1542/344 938/1540/344 907/1541/344 901/1543/344
f 923/1544/345 917/1542/345 901/1543/345 908/1545/345
f 920/1546/346 923/1544/346 908/1545/346 904/1547/346
f 919/1548/347 920/1546/347 904/1547/347 903/1549/347
f 921/1550/348 919/1548/348 903/1549/348 905/1551/348
f 922/1552/349 921/1550/349 905/1551/349 906/1553/349
f 918/1554/350 922/1552/350 906/1553/350 902/1555/350
f 902/1555/351 889/1557/351 916/1556/351 918/1554/351
f 890/1558/352 924/1559/352 916/1556/352 889/1557/352
f 887/1560/353 913/1561/353 924/1559/353 890/1558/353
f 888/1562/354 914/1563/354 913/1561/354 887/1560/354
f 891/1564/355 912/1565/355 914/1563/355 888/1562/355
f 885/1566/356 915/1567/356 912/1565/356 891/1564/356
f 886/1568/357 910/1569/357 915/1567/357 885/1566/357
f 884/1570/358 911/1571/358 910/1569/358 886/1568/358
f 892/1572/359 909/1573/359 911/1571/359 884/1570/359
f 881/1574/360 929/1575/360 909/1573/360 892/1572/360
f 883/1576/361 932/1577/361 929/1575/361 881/1574/361
f 878/1578/362 926/1579/362 932/1577/362 883/1576/362
f 877/1580/363 925/1581/363 926/1579/363 878/1578/363
f 879/1582/364 927/1583/364 925/1581/364 877/1580/364
f 882/1584/365 931/1585/365 927/1583/365 879/1582/365
f 880/1586/366 928/1587/366 931/1585/366 882/1584/366
f 893/1588/367 930/1589/367 928/1587/367 880/1586/367
f 933/1590/368 930/1589/368 893/1588/368 896/1591/368
f 936/1592/369 933/1590/369 896/1591/369 894/1593/369
f 935/1594/370 936/1592/370 894/1593/370 895/1595/370
f 934/1596/371 935/1594/371 895/1595/371 897/1597/371
o 立方体
v -1.436620 0.255569 0.986452
v -1.450624 0.306547 0.986452
v -1.436620 0.255569 -0.986452
v -1.450624 0.306547 -0.986452
v 0.049299 0.663782 -0.986452
v 0.049299 0.663782 0.986452
v 0.027581 0.712641 -0.986452
v 0.027581 0.712641 0.986452
vn -0.0000 -0.0000 -1.0000
vn -0.9643 -0.2649 -0.0000
vn -0.0000 -0.0000 1.0000
vn 0.2649 -0.9643 -0.0000
vn -0.2649 0.9643 -0.0000
vn 0.9138 0.4062 -0.0000
vt 0.625000 0.343884
vt 0.625000 0.500000
vt 0.375000 0.500000
vt 0.375000 0.343069
vt 0.625000 0.750000
vt 0.375000 0.750000
vt 0.375000 0.906931
vt 0.625000 0.906116
vt 0.218069 0.750000
vt 0.218069 0.500000
vt 0.781116 0.500000
vt 0.781116 0.750000
vt 0.251850 0.500000
vt 0.251850 0.750000
vt 0.252077 0.750000
vt 0.252077 0.500000
s 0
usemtl jaw_crusher_mat
f 947/1598/372 945/1601/372 943/1600/372 944/1599/372
f 943/1600/373 941/1603/373 942/1602/373 944/1599/373
f 946/1604/374 948/1605/374 942/1602/374 941/1603/374
f 943/1600/375 945/1607/375 946/1606/375 941/1603/375
f 942/1602/376 948/1609/376 947/1608/376 944/1599/376
f 945/1610/377 947/1613/377 948/1612/377 946/1611/377
o 立方体.001
v -0.164128 0.662472 0.360942
v -0.164128 0.662472 -0.360942
v -0.164128 0.659974 0.360942
v -0.164128 0.605150 0.360942
v -0.164128 0.605150 -0.360942
v -0.164128 0.659974 -0.360942
v -0.155037 0.662472 -0.360942
v 0.000467 0.650367 -0.360942
v 0.000467 0.650367 0.360942
v -0.155037 0.662472 0.360942
v -0.164128 0.250000 0.360942
v -0.164128 0.250000 -0.360942
v 0.000467 0.250000 -0.360942
v 0.000467 0.250000 0.360942
vn -1.0000 -0.0000 -0.0000
vn -0.0000 -0.0000 -1.0000
vn 1.0000 -0.0000 -0.0000
vn -0.0000 -0.0000 1.0000
vn -0.0000 1.0000 -0.0000
vn -0.2649 0.9643 -0.0000
vn 0.2649 -0.9643 -0.0000
vn -0.0000 -1.0000 -0.0000
vt 0.623877 0.000000
vt 0.625000 0.000000
vt 0.625000 0.250000
vt 0.623877 0.250000
vt 0.599216 0.000000
vt 0.599216 0.250000
vt 0.439467 0.250000
vt 0.439467 0.000000
vt 0.625000 0.263809
vt 0.619555 0.500000
vt 0.439467 0.500000
vt 0.619555 0.750000
vt 0.439467 0.750000
vt 0.625000 1.000000
vt 0.623877 1.000000
vt 0.625000 0.986191
vt 0.599216 1.000000
vt 0.439467 1.000000
vt 0.861191 0.500000
vt 0.875000 0.500000
vt 0.875000 0.750000
vt 0.861191 0.750000
vt 0.223226 0.670737
vt 0.223226 0.579263
vt 0.240610 0.579263
vt 0.240610 0.670737
vt 0.761830 0.670737
vt 0.760869 0.670737
vt 0.760869 0.579263
vt 0.761830 0.579263
vt 0.000000 0.000000
s 0
usemtl jaw_crusher_mat
f 951/1614/378 949/1615/378 950/1616/378 954/1617/378
f 952/1618/378 953/1619/378 960/1620/378 959/1621/378
f 955/1622/379 954/1617/379 950/1616/379
f 960/1620/379 953/1619/379 956/1623/379 961/1624/379
f 961/1624/380 956/1623/380 957/1625/380 962/1626/380
f 949/1627/381 951/1628/381 958/1629/381
f 962/1626/381 957/1625/381 952/1630/381 959/1631/381
f 955/1632/382 950/1633/382 949/1634/382 958/1635/382
f 957/1636/383 956/1637/383 953/1638/383 952/1639/383
f 958/1640/384 951/1641/384 954/1642/384 955/1643/384
s 1
f 959/1644/385 960/1644/385 961/1644/385 962/1644/385
